/*
 Navicat Premium Data Transfer

 Source Server         : 腾讯TDSQL-mysql
 Source Server Type    : MySQL
 Source Server Version : 50718
 Source Host           : gz-cynosdbmysql-grp-du7oq5u9.sql.tencentcdb.com:26660
 Source Schema         : springboot_wiki

 Target Server Type    : MySQL
 Target Server Version : 50718
 File Encoding         : 65001

 Date: 28/03/2022 13:22:09
*/

SET NAMES utf8mb4;
SET FOREIGN_KEY_CHECKS = 0;

-- ----------------------------
-- Table structure for category
-- ----------------------------
DROP TABLE IF EXISTS `category`;
CREATE TABLE `category`  (
  `id` bigint(20) NOT NULL COMMENT 'id',
  `parent` bigint(20) NOT NULL DEFAULT 0 COMMENT '父id',
  `name` varchar(50) CHARACTER SET utf8mb4 COLLATE utf8mb4_general_ci NOT NULL COMMENT '名称',
  `sort` int(11) NULL DEFAULT NULL COMMENT '顺序',
  PRIMARY KEY (`id`) USING BTREE
) ENGINE = InnoDB CHARACTER SET = utf8mb4 COLLATE = utf8mb4_general_ci COMMENT = '分类' ROW_FORMAT = Dynamic;

-- ----------------------------
-- Records of category
-- ----------------------------
INSERT INTO `category` VALUES (100, 0, '前端开发', 100);
INSERT INTO `category` VALUES (101, 100, 'Vue', 101);
INSERT INTO `category` VALUES (102, 100, 'HTML & CSS', 102);
INSERT INTO `category` VALUES (200, 0, 'Java', 200);
INSERT INTO `category` VALUES (201, 200, '基础应用', 201);
INSERT INTO `category` VALUES (202, 200, '框架应用', 202);
INSERT INTO `category` VALUES (300, 0, 'Python', 300);
INSERT INTO `category` VALUES (301, 300, '基础应用', 301);
INSERT INTO `category` VALUES (302, 300, '进阶方向应用', 302);
INSERT INTO `category` VALUES (400, 0, '数据库', 400);
INSERT INTO `category` VALUES (401, 400, 'MySQL', 401);
INSERT INTO `category` VALUES (500, 0, '其它', 500);
INSERT INTO `category` VALUES (501, 500, '服务器', 501);
INSERT INTO `category` VALUES (502, 500, '开发工具', 502);
INSERT INTO `category` VALUES (503, 500, '热门服务端语言', 503);

-- ----------------------------
-- Table structure for content
-- ----------------------------
DROP TABLE IF EXISTS `content`;
CREATE TABLE `content`  (
  `id` bigint(20) NOT NULL COMMENT '文档id',
  `content` mediumtext CHARACTER SET utf8mb4 COLLATE utf8mb4_general_ci NOT NULL COMMENT '内容',
  PRIMARY KEY (`id`) USING BTREE
) ENGINE = InnoDB CHARACTER SET = utf8mb4 COLLATE = utf8mb4_general_ci COMMENT = '文档内容' ROW_FORMAT = Dynamic;

-- ----------------------------
-- Records of content
-- ----------------------------
INSERT INTO `content` VALUES (1, '<p><b>1.Spring Boot诞生历史</b></p><p>&nbsp; &nbsp; Spring缺点：配置过于繁琐<br></p><p>&nbsp; &nbsp; Spring Boot开发团队：Pivotal</p><p>&nbsp; &nbsp; SpringBoot实在不要太爽<br></p>');
INSERT INTO `content` VALUES (3, '<p><b>2.Spring Boot简介</b></p><p>&nbsp; &nbsp; 简化初始搭建以及开发过程<b><br></b></p><p>&nbsp; &nbsp; 不再需要定义样板化的配置<br></p><p>&nbsp; &nbsp; 快速应用开发领域</p>');
INSERT INTO `content` VALUES (102661786976784384, '<p>vue test1</p>');
INSERT INTO `content` VALUES (102661826340327424, '<p>vue test2</p>');
INSERT INTO `content` VALUES (102661864881786880, '<p>vue test3</p>');
INSERT INTO `content` VALUES (102661911568584704, '<p>vue test4</p>');
INSERT INTO `content` VALUES (102667357050245120, '<p>vue Test5</p>');
INSERT INTO `content` VALUES (102778706614947840, '<p><b>3.Spring、Spring MVC和Spring Boot</b></p><p>&nbsp; &nbsp; Spring最初利用IOC和AOP解耦<br></p><p>&nbsp; &nbsp; 按照这种模式搞了MVC框架<br></p><p>&nbsp; &nbsp; 写很多样板代码很麻烦，就有了Spring Boot<br></p><p>&nbsp; &nbsp; Spring Cloud是在Spring Boot基础上诞生的</p>');
INSERT INTO `content` VALUES (102778849732988928, '<p><b>4.Spring Boot核心特点</b></p><p>&nbsp; &nbsp; 开箱即用（内置Tomcat）<br></p><p>&nbsp; &nbsp; 约定优于配置</p>');
INSERT INTO `content` VALUES (102779906122977280, '<p><b>5.Spring Boot版本介绍</b></p><table><thead><tr><th>里程碑版本号</th><th>版本说明</th><th>用途</th></tr></thead><tbody><tr><td>BUILD-XXX</td><td>开发版</td><td>一般是开发团队内部版本</td></tr><tr><td>GA</td><td>稳定版</td><td>内部开发到一定阶段，各个模块集成后，经过全面测试，发现没有问题，可以对外发行，这个时候就叫GA（AenrallyAvailable）版，系统的核心功能已经可以使用。意思就是基本上可以使用了。</td></tr><tr><td>PRE(M1,M2)</td><td>里程碑版</td><td>由于GA版还不属于公开的发行版，里面还有功能不完善的或者一些BUG，于是就有了milestone（里程碑）版，milestone版本主要修复一些BUG和调整UI。一个GA后，一般有多个里程碑，例如 M1 M2 M3</td></tr><tr><td>RC</td><td>候选发布版</td><td>从BUILD后GA再到M基本上系统就定型了，这个时候系统就进入RELEASE candidates（RC候选发布）版，该阶段的软件类似于最终发行前的一个观察期，该期间只对一些发现的等级高的BUG进行修复，发布RC1,RC2等版本。</td></tr><tr><td>SR</td><td>正式发布版</td><td>公开正式发布。正式发布板一般也有多个发布，例如SR1 SR2 SR3等等，一般是用来修复大BUG或优化。</td></tr></tbody></table>');
INSERT INTO `content` VALUES (102939802059542528, '<p><b>6.新建Spring Boot项目演示</b></p><p>&nbsp; &nbsp; Spring官网 start.spring.io<br></p><p>&nbsp; &nbsp; IDEA集成的Spring Initializr</p>');

-- ----------------------------
-- Table structure for demo
-- ----------------------------
DROP TABLE IF EXISTS `demo`;
CREATE TABLE `demo`  (
  `id` bigint(20) NOT NULL COMMENT 'id',
  `name` varchar(50) CHARACTER SET utf8mb4 COLLATE utf8mb4_general_ci NULL DEFAULT NULL COMMENT '名称',
  PRIMARY KEY (`id`) USING BTREE
) ENGINE = InnoDB CHARACTER SET = utf8mb4 COLLATE = utf8mb4_general_ci COMMENT = '测试' ROW_FORMAT = Dynamic;

-- ----------------------------
-- Records of demo
-- ----------------------------
INSERT INTO `demo` VALUES (1, '测试');

-- ----------------------------
-- Table structure for doc
-- ----------------------------
DROP TABLE IF EXISTS `doc`;
CREATE TABLE `doc`  (
  `id` bigint(20) NOT NULL COMMENT 'id',
  `ebook_id` bigint(20) NOT NULL DEFAULT 0 COMMENT '电子书id',
  `parent` bigint(20) NOT NULL DEFAULT 0 COMMENT '父id',
  `name` varchar(50) CHARACTER SET utf8mb4 COLLATE utf8mb4_general_ci NOT NULL COMMENT '名称',
  `sort` int(11) NULL DEFAULT NULL COMMENT '顺序',
  `view_count` int(11) NULL DEFAULT 0 COMMENT '阅读数',
  `vote_count` int(11) NULL DEFAULT 0 COMMENT '点赞数',
  PRIMARY KEY (`id`) USING BTREE
) ENGINE = InnoDB CHARACTER SET = utf8mb4 COLLATE = utf8mb4_general_ci COMMENT = '文档' ROW_FORMAT = Dynamic;

-- ----------------------------
-- Records of doc
-- ----------------------------
INSERT INTO `doc` VALUES (1, 1, 0, '文档1', 1, 60, 7);
INSERT INTO `doc` VALUES (3, 1, 0, '文档2', 2, 22, 6);
INSERT INTO `doc` VALUES (102661786976784384, 2, 0, 'test1', 1, 68, 23);
INSERT INTO `doc` VALUES (102661826340327424, 2, 0, 'test2', 2, 34, 17);
INSERT INTO `doc` VALUES (102661864881786880, 2, 0, 'test3', 3, 28, 15);
INSERT INTO `doc` VALUES (102661911568584704, 2, 0, 'test4', 4, 25, 13);
INSERT INTO `doc` VALUES (102667357050245120, 2, 0, 'test5', 5, 17, 10);
INSERT INTO `doc` VALUES (102778706614947840, 1, 0, '文档3', 3, 18, 7);
INSERT INTO `doc` VALUES (102778849732988928, 1, 0, '文档4', 4, 19, 8);
INSERT INTO `doc` VALUES (102779906122977280, 1, 0, '文档5', 5, 15, 8);
INSERT INTO `doc` VALUES (102939802059542528, 1, 0, '文档6', 6, 6, 4);

-- ----------------------------
-- Table structure for ebook
-- ----------------------------
DROP TABLE IF EXISTS `ebook`;
CREATE TABLE `ebook`  (
  `id` bigint(20) NOT NULL COMMENT 'id',
  `name` varchar(50) CHARACTER SET utf8mb4 COLLATE utf8mb4_general_ci NULL DEFAULT NULL COMMENT '名称',
  `category1_id` bigint(20) NULL DEFAULT NULL COMMENT '分类1',
  `category2_id` bigint(20) NULL DEFAULT NULL COMMENT '分类2',
  `description` varchar(200) CHARACTER SET utf8mb4 COLLATE utf8mb4_general_ci NULL DEFAULT NULL COMMENT '描述',
  `cover` varchar(200) CHARACTER SET utf8mb4 COLLATE utf8mb4_general_ci NULL DEFAULT NULL COMMENT '封面',
  `doc_count` int(11) NOT NULL DEFAULT 0 COMMENT '文档数',
  `view_count` int(11) NOT NULL DEFAULT 0 COMMENT '阅读数',
  `vote_count` int(11) NOT NULL DEFAULT 0 COMMENT '点赞数',
  PRIMARY KEY (`id`) USING BTREE
) ENGINE = InnoDB CHARACTER SET = utf8mb4 COLLATE = utf8mb4_general_ci COMMENT = '电子书' ROW_FORMAT = Dynamic;

-- ----------------------------
-- Records of ebook
-- ----------------------------
INSERT INTO `ebook` VALUES (1, 'Spring Boot 入门教程', 200, 202, '零基础入门 Java 开发，企业级应用开发最佳首选框架', '/image/cover1.png', 6, 140, 40);
INSERT INTO `ebook` VALUES (2, 'Vue 入门教程', 100, 101, '零基础入门 Vue 开发，企业级应用开发最佳首选框架', '/image/cover2.png', 5, 172, 78);
INSERT INTO `ebook` VALUES (3, 'Python 入门教程', NULL, NULL, '零基础入门 Python 开发，企业级应用开发最佳首选框架', NULL, 0, 0, 0);
INSERT INTO `ebook` VALUES (4, 'Mysql 入门教程', NULL, NULL, '零基础入门 Mysql 开发，企业级应用开发最佳首选框架', NULL, 0, 0, 0);
INSERT INTO `ebook` VALUES (5, 'Oracle 入门教程', NULL, NULL, '零基础入门 Oracle 开发，企业级应用开发最佳首选框架', NULL, 0, 0, 0);
INSERT INTO `ebook` VALUES (102661370209767424, 'rabbitMQ', 500, 503, '消息中间件', NULL, 0, 0, 0);
INSERT INTO `ebook` VALUES (102772580095758336, 'nginx', 500, 501, 'nginx', NULL, 0, 0, 0);
INSERT INTO `ebook` VALUES (105552163899576320, 'shell编程', 500, 503, 'shell编程', NULL, 0, 0, 0);

-- ----------------------------
-- Table structure for ebook_snapshot
-- ----------------------------
DROP TABLE IF EXISTS `ebook_snapshot`;
CREATE TABLE `ebook_snapshot`  (
  `id` bigint(20) NOT NULL AUTO_INCREMENT COMMENT 'id',
  `ebook_id` bigint(20) NOT NULL DEFAULT 0 COMMENT '电子书id',
  `date` date NOT NULL COMMENT '快照日期',
  `view_count` int(11) NOT NULL DEFAULT 0 COMMENT '阅读数',
  `vote_count` int(11) NOT NULL DEFAULT 0 COMMENT '点赞数',
  `view_increase` int(11) NOT NULL DEFAULT 0 COMMENT '阅读增长',
  `vote_increase` int(11) NOT NULL DEFAULT 0 COMMENT '点赞增长',
  PRIMARY KEY (`id`) USING BTREE,
  UNIQUE INDEX `ebook_id_date_unique`(`ebook_id`, `date`) USING BTREE
) ENGINE = InnoDB AUTO_INCREMENT = 2503 CHARACTER SET = utf8mb4 COLLATE = utf8mb4_general_ci COMMENT = '电子书快照表' ROW_FORMAT = Dynamic;

-- ----------------------------
-- Records of ebook_snapshot
-- ----------------------------
INSERT INTO `ebook_snapshot` VALUES (13, 1, '2021-10-09', 4, 2, 4, 2);
INSERT INTO `ebook_snapshot` VALUES (14, 2, '2021-10-09', 3, 2, 3, 2);
INSERT INTO `ebook_snapshot` VALUES (15, 3, '2021-10-09', 0, 0, 0, 0);
INSERT INTO `ebook_snapshot` VALUES (16, 4, '2021-10-09', 0, 0, 0, 0);
INSERT INTO `ebook_snapshot` VALUES (17, 5, '2021-10-09', 0, 0, 0, 0);
INSERT INTO `ebook_snapshot` VALUES (18, 102661370209767424, '2021-10-09', 0, 0, 0, 0);
INSERT INTO `ebook_snapshot` VALUES (20, 1, '2021-10-10', 12, 3, 8, 1);
INSERT INTO `ebook_snapshot` VALUES (21, 2, '2021-10-10', 10, 2, 7, 0);
INSERT INTO `ebook_snapshot` VALUES (22, 3, '2021-10-10', 0, 0, 0, 0);
INSERT INTO `ebook_snapshot` VALUES (23, 4, '2021-10-10', 0, 0, 0, 0);
INSERT INTO `ebook_snapshot` VALUES (24, 5, '2021-10-10', 0, 0, 0, 0);
INSERT INTO `ebook_snapshot` VALUES (25, 102661370209767424, '2021-10-10', 0, 0, 0, 0);
INSERT INTO `ebook_snapshot` VALUES (27, 1, '2021-10-11', 40, 9, 6, 4);
INSERT INTO `ebook_snapshot` VALUES (28, 2, '2021-10-11', 36, 18, 11, 7);
INSERT INTO `ebook_snapshot` VALUES (29, 3, '2021-10-11', 0, 0, 0, 0);
INSERT INTO `ebook_snapshot` VALUES (30, 4, '2021-10-11', 0, 0, 0, 0);
INSERT INTO `ebook_snapshot` VALUES (31, 5, '2021-10-11', 0, 0, 0, 0);
INSERT INTO `ebook_snapshot` VALUES (32, 102661370209767424, '2021-10-11', 0, 0, 0, 0);
INSERT INTO `ebook_snapshot` VALUES (36, 102772580095758336, '2021-10-11', 0, 0, 0, 0);
INSERT INTO `ebook_snapshot` VALUES (37, 1, '2021-10-12', 60, 15, 20, 6);
INSERT INTO `ebook_snapshot` VALUES (38, 2, '2021-10-12', 54, 23, 18, 5);
INSERT INTO `ebook_snapshot` VALUES (39, 3, '2021-10-12', 0, 0, 0, 0);
INSERT INTO `ebook_snapshot` VALUES (40, 4, '2021-10-12', 0, 0, 0, 0);
INSERT INTO `ebook_snapshot` VALUES (41, 5, '2021-10-12', 0, 0, 0, 0);
INSERT INTO `ebook_snapshot` VALUES (42, 102661370209767424, '2021-10-12', 0, 0, 0, 0);
INSERT INTO `ebook_snapshot` VALUES (43, 102772580095758336, '2021-10-12', 0, 0, 0, 0);
INSERT INTO `ebook_snapshot` VALUES (51, 1, '2021-10-13', 60, 15, 0, 0);
INSERT INTO `ebook_snapshot` VALUES (52, 2, '2021-10-13', 54, 23, 0, 0);
INSERT INTO `ebook_snapshot` VALUES (53, 3, '2021-10-13', 0, 0, 0, 0);
INSERT INTO `ebook_snapshot` VALUES (54, 4, '2021-10-13', 0, 0, 0, 0);
INSERT INTO `ebook_snapshot` VALUES (55, 5, '2021-10-13', 0, 0, 0, 0);
INSERT INTO `ebook_snapshot` VALUES (56, 102661370209767424, '2021-10-13', 0, 0, 0, 0);
INSERT INTO `ebook_snapshot` VALUES (57, 102772580095758336, '2021-10-13', 0, 0, 0, 0);
INSERT INTO `ebook_snapshot` VALUES (58, 1, '2021-10-14', 73, 20, 13, 5);
INSERT INTO `ebook_snapshot` VALUES (59, 2, '2021-10-14', 54, 23, 0, 0);
INSERT INTO `ebook_snapshot` VALUES (60, 3, '2021-10-14', 0, 0, 0, 0);
INSERT INTO `ebook_snapshot` VALUES (61, 4, '2021-10-14', 0, 0, 0, 0);
INSERT INTO `ebook_snapshot` VALUES (62, 5, '2021-10-14', 0, 0, 0, 0);
INSERT INTO `ebook_snapshot` VALUES (63, 102661370209767424, '2021-10-14', 0, 0, 0, 0);
INSERT INTO `ebook_snapshot` VALUES (64, 102772580095758336, '2021-10-14', 0, 0, 0, 0);
INSERT INTO `ebook_snapshot` VALUES (65, 1, '2021-10-15', 84, 20, 11, 0);
INSERT INTO `ebook_snapshot` VALUES (66, 2, '2021-10-15', 56, 23, 2, 0);
INSERT INTO `ebook_snapshot` VALUES (67, 3, '2021-10-15', 0, 0, 0, 0);
INSERT INTO `ebook_snapshot` VALUES (68, 4, '2021-10-15', 0, 0, 0, 0);
INSERT INTO `ebook_snapshot` VALUES (69, 5, '2021-10-15', 0, 0, 0, 0);
INSERT INTO `ebook_snapshot` VALUES (70, 102661370209767424, '2021-10-15', 0, 0, 0, 0);
INSERT INTO `ebook_snapshot` VALUES (71, 102772580095758336, '2021-10-15', 0, 0, 0, 0);
INSERT INTO `ebook_snapshot` VALUES (72, 1, '2021-10-16', 94, 23, 10, 3);
INSERT INTO `ebook_snapshot` VALUES (73, 2, '2021-10-16', 59, 25, 3, 2);
INSERT INTO `ebook_snapshot` VALUES (74, 3, '2021-10-16', 0, 0, 0, 0);
INSERT INTO `ebook_snapshot` VALUES (75, 4, '2021-10-16', 0, 0, 0, 0);
INSERT INTO `ebook_snapshot` VALUES (76, 5, '2021-10-16', 0, 0, 0, 0);
INSERT INTO `ebook_snapshot` VALUES (77, 102661370209767424, '2021-10-16', 0, 0, 0, 0);
INSERT INTO `ebook_snapshot` VALUES (78, 102772580095758336, '2021-10-16', 0, 0, 0, 0);
INSERT INTO `ebook_snapshot` VALUES (79, 1, '2021-10-17', 94, 23, 0, 0);
INSERT INTO `ebook_snapshot` VALUES (80, 2, '2021-10-17', 61, 26, 2, 1);
INSERT INTO `ebook_snapshot` VALUES (81, 3, '2021-10-17', 0, 0, 0, 0);
INSERT INTO `ebook_snapshot` VALUES (82, 4, '2021-10-17', 0, 0, 0, 0);
INSERT INTO `ebook_snapshot` VALUES (83, 5, '2021-10-17', 0, 0, 0, 0);
INSERT INTO `ebook_snapshot` VALUES (84, 102661370209767424, '2021-10-17', 0, 0, 0, 0);
INSERT INTO `ebook_snapshot` VALUES (85, 102772580095758336, '2021-10-17', 0, 0, 0, 0);
INSERT INTO `ebook_snapshot` VALUES (86, 1, '2021-10-18', 98, 26, 4, 3);
INSERT INTO `ebook_snapshot` VALUES (87, 2, '2021-10-18', 67, 31, 6, 5);
INSERT INTO `ebook_snapshot` VALUES (88, 3, '2021-10-18', 0, 0, 0, 0);
INSERT INTO `ebook_snapshot` VALUES (89, 4, '2021-10-18', 0, 0, 0, 0);
INSERT INTO `ebook_snapshot` VALUES (90, 5, '2021-10-18', 0, 0, 0, 0);
INSERT INTO `ebook_snapshot` VALUES (91, 102661370209767424, '2021-10-18', 0, 0, 0, 0);
INSERT INTO `ebook_snapshot` VALUES (92, 102772580095758336, '2021-10-18', 0, 0, 0, 0);
INSERT INTO `ebook_snapshot` VALUES (93, 1, '2021-10-19', 98, 26, 0, 0);
INSERT INTO `ebook_snapshot` VALUES (94, 2, '2021-10-19', 72, 36, 5, 5);
INSERT INTO `ebook_snapshot` VALUES (95, 3, '2021-10-19', 0, 0, 0, 0);
INSERT INTO `ebook_snapshot` VALUES (96, 4, '2021-10-19', 0, 0, 0, 0);
INSERT INTO `ebook_snapshot` VALUES (97, 5, '2021-10-19', 0, 0, 0, 0);
INSERT INTO `ebook_snapshot` VALUES (98, 102661370209767424, '2021-10-19', 0, 0, 0, 0);
INSERT INTO `ebook_snapshot` VALUES (99, 102772580095758336, '2021-10-19', 0, 0, 0, 0);
INSERT INTO `ebook_snapshot` VALUES (100, 105552163899576320, '2021-10-19', 0, 0, 0, 0);
INSERT INTO `ebook_snapshot` VALUES (101, 1, '2021-10-20', 98, 26, 0, 0);
INSERT INTO `ebook_snapshot` VALUES (102, 2, '2021-10-20', 85, 38, 13, 2);
INSERT INTO `ebook_snapshot` VALUES (103, 3, '2021-10-20', 0, 0, 0, 0);
INSERT INTO `ebook_snapshot` VALUES (104, 4, '2021-10-20', 0, 0, 0, 0);
INSERT INTO `ebook_snapshot` VALUES (105, 5, '2021-10-20', 0, 0, 0, 0);
INSERT INTO `ebook_snapshot` VALUES (106, 102661370209767424, '2021-10-20', 0, 0, 0, 0);
INSERT INTO `ebook_snapshot` VALUES (107, 102772580095758336, '2021-10-20', 0, 0, 0, 0);
INSERT INTO `ebook_snapshot` VALUES (108, 105552163899576320, '2021-10-20', 0, 0, 0, 0);
INSERT INTO `ebook_snapshot` VALUES (116, 1, '2021-10-21', 98, 26, 0, 0);
INSERT INTO `ebook_snapshot` VALUES (117, 2, '2021-10-21', 85, 38, 0, 0);
INSERT INTO `ebook_snapshot` VALUES (118, 3, '2021-10-21', 0, 0, 0, 0);
INSERT INTO `ebook_snapshot` VALUES (119, 4, '2021-10-21', 0, 0, 0, 0);
INSERT INTO `ebook_snapshot` VALUES (120, 5, '2021-10-21', 0, 0, 0, 0);
INSERT INTO `ebook_snapshot` VALUES (121, 102661370209767424, '2021-10-21', 0, 0, 0, 0);
INSERT INTO `ebook_snapshot` VALUES (122, 102772580095758336, '2021-10-21', 0, 0, 0, 0);
INSERT INTO `ebook_snapshot` VALUES (123, 105552163899576320, '2021-10-21', 0, 0, 0, 0);
INSERT INTO `ebook_snapshot` VALUES (131, 1, '2021-10-22', 98, 26, 0, 0);
INSERT INTO `ebook_snapshot` VALUES (132, 2, '2021-10-22', 85, 38, 0, 0);
INSERT INTO `ebook_snapshot` VALUES (133, 3, '2021-10-22', 0, 0, 0, 0);
INSERT INTO `ebook_snapshot` VALUES (134, 4, '2021-10-22', 0, 0, 0, 0);
INSERT INTO `ebook_snapshot` VALUES (135, 5, '2021-10-22', 0, 0, 0, 0);
INSERT INTO `ebook_snapshot` VALUES (136, 102661370209767424, '2021-10-22', 0, 0, 0, 0);
INSERT INTO `ebook_snapshot` VALUES (137, 102772580095758336, '2021-10-22', 0, 0, 0, 0);
INSERT INTO `ebook_snapshot` VALUES (138, 105552163899576320, '2021-10-22', 0, 0, 0, 0);
INSERT INTO `ebook_snapshot` VALUES (146, 1, '2021-10-23', 98, 26, 0, 0);
INSERT INTO `ebook_snapshot` VALUES (147, 2, '2021-10-23', 88, 41, 3, 3);
INSERT INTO `ebook_snapshot` VALUES (148, 3, '2021-10-23', 0, 0, 0, 0);
INSERT INTO `ebook_snapshot` VALUES (149, 4, '2021-10-23', 0, 0, 0, 0);
INSERT INTO `ebook_snapshot` VALUES (150, 5, '2021-10-23', 0, 0, 0, 0);
INSERT INTO `ebook_snapshot` VALUES (151, 102661370209767424, '2021-10-23', 0, 0, 0, 0);
INSERT INTO `ebook_snapshot` VALUES (152, 102772580095758336, '2021-10-23', 0, 0, 0, 0);
INSERT INTO `ebook_snapshot` VALUES (153, 105552163899576320, '2021-10-23', 0, 0, 0, 0);
INSERT INTO `ebook_snapshot` VALUES (161, 1, '2021-10-24', 98, 26, 0, 0);
INSERT INTO `ebook_snapshot` VALUES (162, 2, '2021-10-24', 88, 41, 0, 0);
INSERT INTO `ebook_snapshot` VALUES (163, 3, '2021-10-24', 0, 0, 0, 0);
INSERT INTO `ebook_snapshot` VALUES (164, 4, '2021-10-24', 0, 0, 0, 0);
INSERT INTO `ebook_snapshot` VALUES (165, 5, '2021-10-24', 0, 0, 0, 0);
INSERT INTO `ebook_snapshot` VALUES (166, 102661370209767424, '2021-10-24', 0, 0, 0, 0);
INSERT INTO `ebook_snapshot` VALUES (167, 102772580095758336, '2021-10-24', 0, 0, 0, 0);
INSERT INTO `ebook_snapshot` VALUES (168, 105552163899576320, '2021-10-24', 0, 0, 0, 0);
INSERT INTO `ebook_snapshot` VALUES (176, 1, '2021-10-25', 98, 26, 0, 0);
INSERT INTO `ebook_snapshot` VALUES (177, 2, '2021-10-25', 88, 41, 0, 0);
INSERT INTO `ebook_snapshot` VALUES (178, 3, '2021-10-25', 0, 0, 0, 0);
INSERT INTO `ebook_snapshot` VALUES (179, 4, '2021-10-25', 0, 0, 0, 0);
INSERT INTO `ebook_snapshot` VALUES (180, 5, '2021-10-25', 0, 0, 0, 0);
INSERT INTO `ebook_snapshot` VALUES (181, 102661370209767424, '2021-10-25', 0, 0, 0, 0);
INSERT INTO `ebook_snapshot` VALUES (182, 102772580095758336, '2021-10-25', 0, 0, 0, 0);
INSERT INTO `ebook_snapshot` VALUES (183, 105552163899576320, '2021-10-25', 0, 0, 0, 0);
INSERT INTO `ebook_snapshot` VALUES (191, 1, '2021-10-26', 98, 26, 0, 0);
INSERT INTO `ebook_snapshot` VALUES (192, 2, '2021-10-26', 88, 41, 0, 0);
INSERT INTO `ebook_snapshot` VALUES (193, 3, '2021-10-26', 0, 0, 0, 0);
INSERT INTO `ebook_snapshot` VALUES (194, 4, '2021-10-26', 0, 0, 0, 0);
INSERT INTO `ebook_snapshot` VALUES (195, 5, '2021-10-26', 0, 0, 0, 0);
INSERT INTO `ebook_snapshot` VALUES (196, 102661370209767424, '2021-10-26', 0, 0, 0, 0);
INSERT INTO `ebook_snapshot` VALUES (197, 102772580095758336, '2021-10-26', 0, 0, 0, 0);
INSERT INTO `ebook_snapshot` VALUES (198, 105552163899576320, '2021-10-26', 0, 0, 0, 0);
INSERT INTO `ebook_snapshot` VALUES (206, 1, '2021-10-27', 98, 26, 0, 0);
INSERT INTO `ebook_snapshot` VALUES (207, 2, '2021-10-27', 88, 41, 0, 0);
INSERT INTO `ebook_snapshot` VALUES (208, 3, '2021-10-27', 0, 0, 0, 0);
INSERT INTO `ebook_snapshot` VALUES (209, 4, '2021-10-27', 0, 0, 0, 0);
INSERT INTO `ebook_snapshot` VALUES (210, 5, '2021-10-27', 0, 0, 0, 0);
INSERT INTO `ebook_snapshot` VALUES (211, 102661370209767424, '2021-10-27', 0, 0, 0, 0);
INSERT INTO `ebook_snapshot` VALUES (212, 102772580095758336, '2021-10-27', 0, 0, 0, 0);
INSERT INTO `ebook_snapshot` VALUES (213, 105552163899576320, '2021-10-27', 0, 0, 0, 0);
INSERT INTO `ebook_snapshot` VALUES (221, 1, '2021-10-28', 98, 26, 0, 0);
INSERT INTO `ebook_snapshot` VALUES (222, 2, '2021-10-28', 88, 41, 0, 0);
INSERT INTO `ebook_snapshot` VALUES (223, 3, '2021-10-28', 0, 0, 0, 0);
INSERT INTO `ebook_snapshot` VALUES (224, 4, '2021-10-28', 0, 0, 0, 0);
INSERT INTO `ebook_snapshot` VALUES (225, 5, '2021-10-28', 0, 0, 0, 0);
INSERT INTO `ebook_snapshot` VALUES (226, 102661370209767424, '2021-10-28', 0, 0, 0, 0);
INSERT INTO `ebook_snapshot` VALUES (227, 102772580095758336, '2021-10-28', 0, 0, 0, 0);
INSERT INTO `ebook_snapshot` VALUES (228, 105552163899576320, '2021-10-28', 0, 0, 0, 0);
INSERT INTO `ebook_snapshot` VALUES (236, 1, '2021-10-29', 98, 26, 0, 0);
INSERT INTO `ebook_snapshot` VALUES (237, 2, '2021-10-29', 88, 41, 0, 0);
INSERT INTO `ebook_snapshot` VALUES (238, 3, '2021-10-29', 0, 0, 0, 0);
INSERT INTO `ebook_snapshot` VALUES (239, 4, '2021-10-29', 0, 0, 0, 0);
INSERT INTO `ebook_snapshot` VALUES (240, 5, '2021-10-29', 0, 0, 0, 0);
INSERT INTO `ebook_snapshot` VALUES (241, 102661370209767424, '2021-10-29', 0, 0, 0, 0);
INSERT INTO `ebook_snapshot` VALUES (242, 102772580095758336, '2021-10-29', 0, 0, 0, 0);
INSERT INTO `ebook_snapshot` VALUES (243, 105552163899576320, '2021-10-29', 0, 0, 0, 0);
INSERT INTO `ebook_snapshot` VALUES (251, 1, '2021-10-30', 98, 26, 0, 0);
INSERT INTO `ebook_snapshot` VALUES (252, 2, '2021-10-30', 88, 41, 0, 0);
INSERT INTO `ebook_snapshot` VALUES (253, 3, '2021-10-30', 0, 0, 0, 0);
INSERT INTO `ebook_snapshot` VALUES (254, 4, '2021-10-30', 0, 0, 0, 0);
INSERT INTO `ebook_snapshot` VALUES (255, 5, '2021-10-30', 0, 0, 0, 0);
INSERT INTO `ebook_snapshot` VALUES (256, 102661370209767424, '2021-10-30', 0, 0, 0, 0);
INSERT INTO `ebook_snapshot` VALUES (257, 102772580095758336, '2021-10-30', 0, 0, 0, 0);
INSERT INTO `ebook_snapshot` VALUES (258, 105552163899576320, '2021-10-30', 0, 0, 0, 0);
INSERT INTO `ebook_snapshot` VALUES (266, 1, '2021-10-31', 103, 28, 5, 2);
INSERT INTO `ebook_snapshot` VALUES (267, 2, '2021-10-31', 94, 46, 6, 5);
INSERT INTO `ebook_snapshot` VALUES (268, 3, '2021-10-31', 0, 0, 0, 0);
INSERT INTO `ebook_snapshot` VALUES (269, 4, '2021-10-31', 0, 0, 0, 0);
INSERT INTO `ebook_snapshot` VALUES (270, 5, '2021-10-31', 0, 0, 0, 0);
INSERT INTO `ebook_snapshot` VALUES (271, 102661370209767424, '2021-10-31', 0, 0, 0, 0);
INSERT INTO `ebook_snapshot` VALUES (272, 102772580095758336, '2021-10-31', 0, 0, 0, 0);
INSERT INTO `ebook_snapshot` VALUES (273, 105552163899576320, '2021-10-31', 0, 0, 0, 0);
INSERT INTO `ebook_snapshot` VALUES (281, 1, '2021-11-01', 103, 28, 0, 0);
INSERT INTO `ebook_snapshot` VALUES (282, 2, '2021-11-01', 94, 46, 0, 0);
INSERT INTO `ebook_snapshot` VALUES (283, 3, '2021-11-01', 0, 0, 0, 0);
INSERT INTO `ebook_snapshot` VALUES (284, 4, '2021-11-01', 0, 0, 0, 0);
INSERT INTO `ebook_snapshot` VALUES (285, 5, '2021-11-01', 0, 0, 0, 0);
INSERT INTO `ebook_snapshot` VALUES (286, 102661370209767424, '2021-11-01', 0, 0, 0, 0);
INSERT INTO `ebook_snapshot` VALUES (287, 102772580095758336, '2021-11-01', 0, 0, 0, 0);
INSERT INTO `ebook_snapshot` VALUES (288, 105552163899576320, '2021-11-01', 0, 0, 0, 0);
INSERT INTO `ebook_snapshot` VALUES (296, 1, '2021-11-02', 103, 28, 0, 0);
INSERT INTO `ebook_snapshot` VALUES (297, 2, '2021-11-02', 94, 46, 0, 0);
INSERT INTO `ebook_snapshot` VALUES (298, 3, '2021-11-02', 0, 0, 0, 0);
INSERT INTO `ebook_snapshot` VALUES (299, 4, '2021-11-02', 0, 0, 0, 0);
INSERT INTO `ebook_snapshot` VALUES (300, 5, '2021-11-02', 0, 0, 0, 0);
INSERT INTO `ebook_snapshot` VALUES (301, 102661370209767424, '2021-11-02', 0, 0, 0, 0);
INSERT INTO `ebook_snapshot` VALUES (302, 102772580095758336, '2021-11-02', 0, 0, 0, 0);
INSERT INTO `ebook_snapshot` VALUES (303, 105552163899576320, '2021-11-02', 0, 0, 0, 0);
INSERT INTO `ebook_snapshot` VALUES (311, 1, '2021-11-03', 117, 28, 14, 0);
INSERT INTO `ebook_snapshot` VALUES (312, 2, '2021-11-03', 106, 48, 12, 2);
INSERT INTO `ebook_snapshot` VALUES (313, 3, '2021-11-03', 0, 0, 0, 0);
INSERT INTO `ebook_snapshot` VALUES (314, 4, '2021-11-03', 0, 0, 0, 0);
INSERT INTO `ebook_snapshot` VALUES (315, 5, '2021-11-03', 0, 0, 0, 0);
INSERT INTO `ebook_snapshot` VALUES (316, 102661370209767424, '2021-11-03', 0, 0, 0, 0);
INSERT INTO `ebook_snapshot` VALUES (317, 102772580095758336, '2021-11-03', 0, 0, 0, 0);
INSERT INTO `ebook_snapshot` VALUES (318, 105552163899576320, '2021-11-03', 0, 0, 0, 0);
INSERT INTO `ebook_snapshot` VALUES (326, 1, '2021-11-04', 117, 28, 0, 0);
INSERT INTO `ebook_snapshot` VALUES (327, 2, '2021-11-04', 106, 48, 0, 0);
INSERT INTO `ebook_snapshot` VALUES (328, 3, '2021-11-04', 0, 0, 0, 0);
INSERT INTO `ebook_snapshot` VALUES (329, 4, '2021-11-04', 0, 0, 0, 0);
INSERT INTO `ebook_snapshot` VALUES (330, 5, '2021-11-04', 0, 0, 0, 0);
INSERT INTO `ebook_snapshot` VALUES (331, 102661370209767424, '2021-11-04', 0, 0, 0, 0);
INSERT INTO `ebook_snapshot` VALUES (332, 102772580095758336, '2021-11-04', 0, 0, 0, 0);
INSERT INTO `ebook_snapshot` VALUES (333, 105552163899576320, '2021-11-04', 0, 0, 0, 0);
INSERT INTO `ebook_snapshot` VALUES (341, 1, '2021-11-05', 117, 28, 0, 0);
INSERT INTO `ebook_snapshot` VALUES (342, 2, '2021-11-05', 106, 48, 0, 0);
INSERT INTO `ebook_snapshot` VALUES (343, 3, '2021-11-05', 0, 0, 0, 0);
INSERT INTO `ebook_snapshot` VALUES (344, 4, '2021-11-05', 0, 0, 0, 0);
INSERT INTO `ebook_snapshot` VALUES (345, 5, '2021-11-05', 0, 0, 0, 0);
INSERT INTO `ebook_snapshot` VALUES (346, 102661370209767424, '2021-11-05', 0, 0, 0, 0);
INSERT INTO `ebook_snapshot` VALUES (347, 102772580095758336, '2021-11-05', 0, 0, 0, 0);
INSERT INTO `ebook_snapshot` VALUES (348, 105552163899576320, '2021-11-05', 0, 0, 0, 0);
INSERT INTO `ebook_snapshot` VALUES (356, 1, '2021-11-06', 117, 28, 0, 0);
INSERT INTO `ebook_snapshot` VALUES (357, 2, '2021-11-06', 106, 48, 0, 0);
INSERT INTO `ebook_snapshot` VALUES (358, 3, '2021-11-06', 0, 0, 0, 0);
INSERT INTO `ebook_snapshot` VALUES (359, 4, '2021-11-06', 0, 0, 0, 0);
INSERT INTO `ebook_snapshot` VALUES (360, 5, '2021-11-06', 0, 0, 0, 0);
INSERT INTO `ebook_snapshot` VALUES (361, 102661370209767424, '2021-11-06', 0, 0, 0, 0);
INSERT INTO `ebook_snapshot` VALUES (362, 102772580095758336, '2021-11-06', 0, 0, 0, 0);
INSERT INTO `ebook_snapshot` VALUES (363, 105552163899576320, '2021-11-06', 0, 0, 0, 0);
INSERT INTO `ebook_snapshot` VALUES (371, 1, '2021-11-07', 117, 28, 0, 0);
INSERT INTO `ebook_snapshot` VALUES (372, 2, '2021-11-07', 106, 48, 0, 0);
INSERT INTO `ebook_snapshot` VALUES (373, 3, '2021-11-07', 0, 0, 0, 0);
INSERT INTO `ebook_snapshot` VALUES (374, 4, '2021-11-07', 0, 0, 0, 0);
INSERT INTO `ebook_snapshot` VALUES (375, 5, '2021-11-07', 0, 0, 0, 0);
INSERT INTO `ebook_snapshot` VALUES (376, 102661370209767424, '2021-11-07', 0, 0, 0, 0);
INSERT INTO `ebook_snapshot` VALUES (377, 102772580095758336, '2021-11-07', 0, 0, 0, 0);
INSERT INTO `ebook_snapshot` VALUES (378, 105552163899576320, '2021-11-07', 0, 0, 0, 0);
INSERT INTO `ebook_snapshot` VALUES (386, 1, '2021-11-08', 117, 28, 0, 0);
INSERT INTO `ebook_snapshot` VALUES (387, 2, '2021-11-08', 106, 48, 0, 0);
INSERT INTO `ebook_snapshot` VALUES (388, 3, '2021-11-08', 0, 0, 0, 0);
INSERT INTO `ebook_snapshot` VALUES (389, 4, '2021-11-08', 0, 0, 0, 0);
INSERT INTO `ebook_snapshot` VALUES (390, 5, '2021-11-08', 0, 0, 0, 0);
INSERT INTO `ebook_snapshot` VALUES (391, 102661370209767424, '2021-11-08', 0, 0, 0, 0);
INSERT INTO `ebook_snapshot` VALUES (392, 102772580095758336, '2021-11-08', 0, 0, 0, 0);
INSERT INTO `ebook_snapshot` VALUES (393, 105552163899576320, '2021-11-08', 0, 0, 0, 0);
INSERT INTO `ebook_snapshot` VALUES (401, 1, '2021-11-09', 126, 34, 9, 6);
INSERT INTO `ebook_snapshot` VALUES (402, 2, '2021-11-09', 106, 48, 0, 0);
INSERT INTO `ebook_snapshot` VALUES (403, 3, '2021-11-09', 0, 0, 0, 0);
INSERT INTO `ebook_snapshot` VALUES (404, 4, '2021-11-09', 0, 0, 0, 0);
INSERT INTO `ebook_snapshot` VALUES (405, 5, '2021-11-09', 0, 0, 0, 0);
INSERT INTO `ebook_snapshot` VALUES (406, 102661370209767424, '2021-11-09', 0, 0, 0, 0);
INSERT INTO `ebook_snapshot` VALUES (407, 102772580095758336, '2021-11-09', 0, 0, 0, 0);
INSERT INTO `ebook_snapshot` VALUES (408, 105552163899576320, '2021-11-09', 0, 0, 0, 0);
INSERT INTO `ebook_snapshot` VALUES (416, 1, '2021-11-10', 126, 34, 0, 0);
INSERT INTO `ebook_snapshot` VALUES (417, 2, '2021-11-10', 106, 48, 0, 0);
INSERT INTO `ebook_snapshot` VALUES (418, 3, '2021-11-10', 0, 0, 0, 0);
INSERT INTO `ebook_snapshot` VALUES (419, 4, '2021-11-10', 0, 0, 0, 0);
INSERT INTO `ebook_snapshot` VALUES (420, 5, '2021-11-10', 0, 0, 0, 0);
INSERT INTO `ebook_snapshot` VALUES (421, 102661370209767424, '2021-11-10', 0, 0, 0, 0);
INSERT INTO `ebook_snapshot` VALUES (422, 102772580095758336, '2021-11-10', 0, 0, 0, 0);
INSERT INTO `ebook_snapshot` VALUES (423, 105552163899576320, '2021-11-10', 0, 0, 0, 0);
INSERT INTO `ebook_snapshot` VALUES (431, 1, '2021-11-11', 126, 34, 0, 0);
INSERT INTO `ebook_snapshot` VALUES (432, 2, '2021-11-11', 106, 48, 0, 0);
INSERT INTO `ebook_snapshot` VALUES (433, 3, '2021-11-11', 0, 0, 0, 0);
INSERT INTO `ebook_snapshot` VALUES (434, 4, '2021-11-11', 0, 0, 0, 0);
INSERT INTO `ebook_snapshot` VALUES (435, 5, '2021-11-11', 0, 0, 0, 0);
INSERT INTO `ebook_snapshot` VALUES (436, 102661370209767424, '2021-11-11', 0, 0, 0, 0);
INSERT INTO `ebook_snapshot` VALUES (437, 102772580095758336, '2021-11-11', 0, 0, 0, 0);
INSERT INTO `ebook_snapshot` VALUES (438, 105552163899576320, '2021-11-11', 0, 0, 0, 0);
INSERT INTO `ebook_snapshot` VALUES (446, 1, '2021-11-12', 126, 34, 0, 0);
INSERT INTO `ebook_snapshot` VALUES (447, 2, '2021-11-12', 106, 48, 0, 0);
INSERT INTO `ebook_snapshot` VALUES (448, 3, '2021-11-12', 0, 0, 0, 0);
INSERT INTO `ebook_snapshot` VALUES (449, 4, '2021-11-12', 0, 0, 0, 0);
INSERT INTO `ebook_snapshot` VALUES (450, 5, '2021-11-12', 0, 0, 0, 0);
INSERT INTO `ebook_snapshot` VALUES (451, 102661370209767424, '2021-11-12', 0, 0, 0, 0);
INSERT INTO `ebook_snapshot` VALUES (452, 102772580095758336, '2021-11-12', 0, 0, 0, 0);
INSERT INTO `ebook_snapshot` VALUES (453, 105552163899576320, '2021-11-12', 0, 0, 0, 0);
INSERT INTO `ebook_snapshot` VALUES (461, 1, '2021-11-13', 126, 34, 0, 0);
INSERT INTO `ebook_snapshot` VALUES (462, 2, '2021-11-13', 106, 48, 0, 0);
INSERT INTO `ebook_snapshot` VALUES (463, 3, '2021-11-13', 0, 0, 0, 0);
INSERT INTO `ebook_snapshot` VALUES (464, 4, '2021-11-13', 0, 0, 0, 0);
INSERT INTO `ebook_snapshot` VALUES (465, 5, '2021-11-13', 0, 0, 0, 0);
INSERT INTO `ebook_snapshot` VALUES (466, 102661370209767424, '2021-11-13', 0, 0, 0, 0);
INSERT INTO `ebook_snapshot` VALUES (467, 102772580095758336, '2021-11-13', 0, 0, 0, 0);
INSERT INTO `ebook_snapshot` VALUES (468, 105552163899576320, '2021-11-13', 0, 0, 0, 0);
INSERT INTO `ebook_snapshot` VALUES (476, 1, '2021-11-14', 126, 34, 0, 0);
INSERT INTO `ebook_snapshot` VALUES (477, 2, '2021-11-14', 106, 48, 0, 0);
INSERT INTO `ebook_snapshot` VALUES (478, 3, '2021-11-14', 0, 0, 0, 0);
INSERT INTO `ebook_snapshot` VALUES (479, 4, '2021-11-14', 0, 0, 0, 0);
INSERT INTO `ebook_snapshot` VALUES (480, 5, '2021-11-14', 0, 0, 0, 0);
INSERT INTO `ebook_snapshot` VALUES (481, 102661370209767424, '2021-11-14', 0, 0, 0, 0);
INSERT INTO `ebook_snapshot` VALUES (482, 102772580095758336, '2021-11-14', 0, 0, 0, 0);
INSERT INTO `ebook_snapshot` VALUES (483, 105552163899576320, '2021-11-14', 0, 0, 0, 0);
INSERT INTO `ebook_snapshot` VALUES (491, 1, '2021-11-15', 126, 34, 0, 0);
INSERT INTO `ebook_snapshot` VALUES (492, 2, '2021-11-15', 106, 48, 0, 0);
INSERT INTO `ebook_snapshot` VALUES (493, 3, '2021-11-15', 0, 0, 0, 0);
INSERT INTO `ebook_snapshot` VALUES (494, 4, '2021-11-15', 0, 0, 0, 0);
INSERT INTO `ebook_snapshot` VALUES (495, 5, '2021-11-15', 0, 0, 0, 0);
INSERT INTO `ebook_snapshot` VALUES (496, 102661370209767424, '2021-11-15', 0, 0, 0, 0);
INSERT INTO `ebook_snapshot` VALUES (497, 102772580095758336, '2021-11-15', 0, 0, 0, 0);
INSERT INTO `ebook_snapshot` VALUES (498, 105552163899576320, '2021-11-15', 0, 0, 0, 0);
INSERT INTO `ebook_snapshot` VALUES (506, 1, '2021-11-16', 126, 34, 0, 0);
INSERT INTO `ebook_snapshot` VALUES (507, 2, '2021-11-16', 106, 48, 0, 0);
INSERT INTO `ebook_snapshot` VALUES (508, 3, '2021-11-16', 0, 0, 0, 0);
INSERT INTO `ebook_snapshot` VALUES (509, 4, '2021-11-16', 0, 0, 0, 0);
INSERT INTO `ebook_snapshot` VALUES (510, 5, '2021-11-16', 0, 0, 0, 0);
INSERT INTO `ebook_snapshot` VALUES (511, 102661370209767424, '2021-11-16', 0, 0, 0, 0);
INSERT INTO `ebook_snapshot` VALUES (512, 102772580095758336, '2021-11-16', 0, 0, 0, 0);
INSERT INTO `ebook_snapshot` VALUES (513, 105552163899576320, '2021-11-16', 0, 0, 0, 0);
INSERT INTO `ebook_snapshot` VALUES (521, 1, '2021-11-17', 126, 34, 0, 0);
INSERT INTO `ebook_snapshot` VALUES (522, 2, '2021-11-17', 106, 48, 0, 0);
INSERT INTO `ebook_snapshot` VALUES (523, 3, '2021-11-17', 0, 0, 0, 0);
INSERT INTO `ebook_snapshot` VALUES (524, 4, '2021-11-17', 0, 0, 0, 0);
INSERT INTO `ebook_snapshot` VALUES (525, 5, '2021-11-17', 0, 0, 0, 0);
INSERT INTO `ebook_snapshot` VALUES (526, 102661370209767424, '2021-11-17', 0, 0, 0, 0);
INSERT INTO `ebook_snapshot` VALUES (527, 102772580095758336, '2021-11-17', 0, 0, 0, 0);
INSERT INTO `ebook_snapshot` VALUES (528, 105552163899576320, '2021-11-17', 0, 0, 0, 0);
INSERT INTO `ebook_snapshot` VALUES (536, 1, '2021-11-18', 126, 34, 0, 0);
INSERT INTO `ebook_snapshot` VALUES (537, 2, '2021-11-18', 106, 48, 0, 0);
INSERT INTO `ebook_snapshot` VALUES (538, 3, '2021-11-18', 0, 0, 0, 0);
INSERT INTO `ebook_snapshot` VALUES (539, 4, '2021-11-18', 0, 0, 0, 0);
INSERT INTO `ebook_snapshot` VALUES (540, 5, '2021-11-18', 0, 0, 0, 0);
INSERT INTO `ebook_snapshot` VALUES (541, 102661370209767424, '2021-11-18', 0, 0, 0, 0);
INSERT INTO `ebook_snapshot` VALUES (542, 102772580095758336, '2021-11-18', 0, 0, 0, 0);
INSERT INTO `ebook_snapshot` VALUES (543, 105552163899576320, '2021-11-18', 0, 0, 0, 0);
INSERT INTO `ebook_snapshot` VALUES (551, 1, '2021-11-19', 126, 34, 0, 0);
INSERT INTO `ebook_snapshot` VALUES (552, 2, '2021-11-19', 106, 48, 0, 0);
INSERT INTO `ebook_snapshot` VALUES (553, 3, '2021-11-19', 0, 0, 0, 0);
INSERT INTO `ebook_snapshot` VALUES (554, 4, '2021-11-19', 0, 0, 0, 0);
INSERT INTO `ebook_snapshot` VALUES (555, 5, '2021-11-19', 0, 0, 0, 0);
INSERT INTO `ebook_snapshot` VALUES (556, 102661370209767424, '2021-11-19', 0, 0, 0, 0);
INSERT INTO `ebook_snapshot` VALUES (557, 102772580095758336, '2021-11-19', 0, 0, 0, 0);
INSERT INTO `ebook_snapshot` VALUES (558, 105552163899576320, '2021-11-19', 0, 0, 0, 0);
INSERT INTO `ebook_snapshot` VALUES (566, 1, '2021-11-20', 126, 34, 0, 0);
INSERT INTO `ebook_snapshot` VALUES (567, 2, '2021-11-20', 106, 48, 0, 0);
INSERT INTO `ebook_snapshot` VALUES (568, 3, '2021-11-20', 0, 0, 0, 0);
INSERT INTO `ebook_snapshot` VALUES (569, 4, '2021-11-20', 0, 0, 0, 0);
INSERT INTO `ebook_snapshot` VALUES (570, 5, '2021-11-20', 0, 0, 0, 0);
INSERT INTO `ebook_snapshot` VALUES (571, 102661370209767424, '2021-11-20', 0, 0, 0, 0);
INSERT INTO `ebook_snapshot` VALUES (572, 102772580095758336, '2021-11-20', 0, 0, 0, 0);
INSERT INTO `ebook_snapshot` VALUES (573, 105552163899576320, '2021-11-20', 0, 0, 0, 0);
INSERT INTO `ebook_snapshot` VALUES (581, 1, '2021-11-21', 126, 34, 0, 0);
INSERT INTO `ebook_snapshot` VALUES (582, 2, '2021-11-21', 106, 48, 0, 0);
INSERT INTO `ebook_snapshot` VALUES (583, 3, '2021-11-21', 0, 0, 0, 0);
INSERT INTO `ebook_snapshot` VALUES (584, 4, '2021-11-21', 0, 0, 0, 0);
INSERT INTO `ebook_snapshot` VALUES (585, 5, '2021-11-21', 0, 0, 0, 0);
INSERT INTO `ebook_snapshot` VALUES (586, 102661370209767424, '2021-11-21', 0, 0, 0, 0);
INSERT INTO `ebook_snapshot` VALUES (587, 102772580095758336, '2021-11-21', 0, 0, 0, 0);
INSERT INTO `ebook_snapshot` VALUES (588, 105552163899576320, '2021-11-21', 0, 0, 0, 0);
INSERT INTO `ebook_snapshot` VALUES (596, 1, '2021-11-22', 126, 34, 0, 0);
INSERT INTO `ebook_snapshot` VALUES (597, 2, '2021-11-22', 106, 48, 0, 0);
INSERT INTO `ebook_snapshot` VALUES (598, 3, '2021-11-22', 0, 0, 0, 0);
INSERT INTO `ebook_snapshot` VALUES (599, 4, '2021-11-22', 0, 0, 0, 0);
INSERT INTO `ebook_snapshot` VALUES (600, 5, '2021-11-22', 0, 0, 0, 0);
INSERT INTO `ebook_snapshot` VALUES (601, 102661370209767424, '2021-11-22', 0, 0, 0, 0);
INSERT INTO `ebook_snapshot` VALUES (602, 102772580095758336, '2021-11-22', 0, 0, 0, 0);
INSERT INTO `ebook_snapshot` VALUES (603, 105552163899576320, '2021-11-22', 0, 0, 0, 0);
INSERT INTO `ebook_snapshot` VALUES (611, 1, '2021-11-23', 126, 34, 0, 0);
INSERT INTO `ebook_snapshot` VALUES (612, 2, '2021-11-23', 106, 48, 0, 0);
INSERT INTO `ebook_snapshot` VALUES (613, 3, '2021-11-23', 0, 0, 0, 0);
INSERT INTO `ebook_snapshot` VALUES (614, 4, '2021-11-23', 0, 0, 0, 0);
INSERT INTO `ebook_snapshot` VALUES (615, 5, '2021-11-23', 0, 0, 0, 0);
INSERT INTO `ebook_snapshot` VALUES (616, 102661370209767424, '2021-11-23', 0, 0, 0, 0);
INSERT INTO `ebook_snapshot` VALUES (617, 102772580095758336, '2021-11-23', 0, 0, 0, 0);
INSERT INTO `ebook_snapshot` VALUES (618, 105552163899576320, '2021-11-23', 0, 0, 0, 0);
INSERT INTO `ebook_snapshot` VALUES (626, 1, '2021-11-24', 126, 34, 0, 0);
INSERT INTO `ebook_snapshot` VALUES (627, 2, '2021-11-24', 106, 48, 0, 0);
INSERT INTO `ebook_snapshot` VALUES (628, 3, '2021-11-24', 0, 0, 0, 0);
INSERT INTO `ebook_snapshot` VALUES (629, 4, '2021-11-24', 0, 0, 0, 0);
INSERT INTO `ebook_snapshot` VALUES (630, 5, '2021-11-24', 0, 0, 0, 0);
INSERT INTO `ebook_snapshot` VALUES (631, 102661370209767424, '2021-11-24', 0, 0, 0, 0);
INSERT INTO `ebook_snapshot` VALUES (632, 102772580095758336, '2021-11-24', 0, 0, 0, 0);
INSERT INTO `ebook_snapshot` VALUES (633, 105552163899576320, '2021-11-24', 0, 0, 0, 0);
INSERT INTO `ebook_snapshot` VALUES (641, 1, '2021-11-25', 126, 34, 0, 0);
INSERT INTO `ebook_snapshot` VALUES (642, 2, '2021-11-25', 106, 48, 0, 0);
INSERT INTO `ebook_snapshot` VALUES (643, 3, '2021-11-25', 0, 0, 0, 0);
INSERT INTO `ebook_snapshot` VALUES (644, 4, '2021-11-25', 0, 0, 0, 0);
INSERT INTO `ebook_snapshot` VALUES (645, 5, '2021-11-25', 0, 0, 0, 0);
INSERT INTO `ebook_snapshot` VALUES (646, 102661370209767424, '2021-11-25', 0, 0, 0, 0);
INSERT INTO `ebook_snapshot` VALUES (647, 102772580095758336, '2021-11-25', 0, 0, 0, 0);
INSERT INTO `ebook_snapshot` VALUES (648, 105552163899576320, '2021-11-25', 0, 0, 0, 0);
INSERT INTO `ebook_snapshot` VALUES (656, 1, '2021-11-26', 126, 34, 0, 0);
INSERT INTO `ebook_snapshot` VALUES (657, 2, '2021-11-26', 106, 48, 0, 0);
INSERT INTO `ebook_snapshot` VALUES (658, 3, '2021-11-26', 0, 0, 0, 0);
INSERT INTO `ebook_snapshot` VALUES (659, 4, '2021-11-26', 0, 0, 0, 0);
INSERT INTO `ebook_snapshot` VALUES (660, 5, '2021-11-26', 0, 0, 0, 0);
INSERT INTO `ebook_snapshot` VALUES (661, 102661370209767424, '2021-11-26', 0, 0, 0, 0);
INSERT INTO `ebook_snapshot` VALUES (662, 102772580095758336, '2021-11-26', 0, 0, 0, 0);
INSERT INTO `ebook_snapshot` VALUES (663, 105552163899576320, '2021-11-26', 0, 0, 0, 0);
INSERT INTO `ebook_snapshot` VALUES (671, 1, '2021-11-27', 126, 34, 0, 0);
INSERT INTO `ebook_snapshot` VALUES (672, 2, '2021-11-27', 106, 48, 0, 0);
INSERT INTO `ebook_snapshot` VALUES (673, 3, '2021-11-27', 0, 0, 0, 0);
INSERT INTO `ebook_snapshot` VALUES (674, 4, '2021-11-27', 0, 0, 0, 0);
INSERT INTO `ebook_snapshot` VALUES (675, 5, '2021-11-27', 0, 0, 0, 0);
INSERT INTO `ebook_snapshot` VALUES (676, 102661370209767424, '2021-11-27', 0, 0, 0, 0);
INSERT INTO `ebook_snapshot` VALUES (677, 102772580095758336, '2021-11-27', 0, 0, 0, 0);
INSERT INTO `ebook_snapshot` VALUES (678, 105552163899576320, '2021-11-27', 0, 0, 0, 0);
INSERT INTO `ebook_snapshot` VALUES (686, 1, '2021-11-28', 126, 34, 0, 0);
INSERT INTO `ebook_snapshot` VALUES (687, 2, '2021-11-28', 106, 48, 0, 0);
INSERT INTO `ebook_snapshot` VALUES (688, 3, '2021-11-28', 0, 0, 0, 0);
INSERT INTO `ebook_snapshot` VALUES (689, 4, '2021-11-28', 0, 0, 0, 0);
INSERT INTO `ebook_snapshot` VALUES (690, 5, '2021-11-28', 0, 0, 0, 0);
INSERT INTO `ebook_snapshot` VALUES (691, 102661370209767424, '2021-11-28', 0, 0, 0, 0);
INSERT INTO `ebook_snapshot` VALUES (692, 102772580095758336, '2021-11-28', 0, 0, 0, 0);
INSERT INTO `ebook_snapshot` VALUES (693, 105552163899576320, '2021-11-28', 0, 0, 0, 0);
INSERT INTO `ebook_snapshot` VALUES (701, 1, '2021-11-29', 126, 34, 0, 0);
INSERT INTO `ebook_snapshot` VALUES (702, 2, '2021-11-29', 106, 48, 0, 0);
INSERT INTO `ebook_snapshot` VALUES (703, 3, '2021-11-29', 0, 0, 0, 0);
INSERT INTO `ebook_snapshot` VALUES (704, 4, '2021-11-29', 0, 0, 0, 0);
INSERT INTO `ebook_snapshot` VALUES (705, 5, '2021-11-29', 0, 0, 0, 0);
INSERT INTO `ebook_snapshot` VALUES (706, 102661370209767424, '2021-11-29', 0, 0, 0, 0);
INSERT INTO `ebook_snapshot` VALUES (707, 102772580095758336, '2021-11-29', 0, 0, 0, 0);
INSERT INTO `ebook_snapshot` VALUES (708, 105552163899576320, '2021-11-29', 0, 0, 0, 0);
INSERT INTO `ebook_snapshot` VALUES (716, 1, '2021-11-30', 126, 34, 0, 0);
INSERT INTO `ebook_snapshot` VALUES (717, 2, '2021-11-30', 106, 48, 0, 0);
INSERT INTO `ebook_snapshot` VALUES (718, 3, '2021-11-30', 0, 0, 0, 0);
INSERT INTO `ebook_snapshot` VALUES (719, 4, '2021-11-30', 0, 0, 0, 0);
INSERT INTO `ebook_snapshot` VALUES (720, 5, '2021-11-30', 0, 0, 0, 0);
INSERT INTO `ebook_snapshot` VALUES (721, 102661370209767424, '2021-11-30', 0, 0, 0, 0);
INSERT INTO `ebook_snapshot` VALUES (722, 102772580095758336, '2021-11-30', 0, 0, 0, 0);
INSERT INTO `ebook_snapshot` VALUES (723, 105552163899576320, '2021-11-30', 0, 0, 0, 0);
INSERT INTO `ebook_snapshot` VALUES (731, 1, '2021-12-01', 126, 34, 0, 0);
INSERT INTO `ebook_snapshot` VALUES (732, 2, '2021-12-01', 106, 48, 0, 0);
INSERT INTO `ebook_snapshot` VALUES (733, 3, '2021-12-01', 0, 0, 0, 0);
INSERT INTO `ebook_snapshot` VALUES (734, 4, '2021-12-01', 0, 0, 0, 0);
INSERT INTO `ebook_snapshot` VALUES (735, 5, '2021-12-01', 0, 0, 0, 0);
INSERT INTO `ebook_snapshot` VALUES (736, 102661370209767424, '2021-12-01', 0, 0, 0, 0);
INSERT INTO `ebook_snapshot` VALUES (737, 102772580095758336, '2021-12-01', 0, 0, 0, 0);
INSERT INTO `ebook_snapshot` VALUES (738, 105552163899576320, '2021-12-01', 0, 0, 0, 0);
INSERT INTO `ebook_snapshot` VALUES (746, 1, '2021-12-02', 126, 34, 0, 0);
INSERT INTO `ebook_snapshot` VALUES (747, 2, '2021-12-02', 106, 48, 0, 0);
INSERT INTO `ebook_snapshot` VALUES (748, 3, '2021-12-02', 0, 0, 0, 0);
INSERT INTO `ebook_snapshot` VALUES (749, 4, '2021-12-02', 0, 0, 0, 0);
INSERT INTO `ebook_snapshot` VALUES (750, 5, '2021-12-02', 0, 0, 0, 0);
INSERT INTO `ebook_snapshot` VALUES (751, 102661370209767424, '2021-12-02', 0, 0, 0, 0);
INSERT INTO `ebook_snapshot` VALUES (752, 102772580095758336, '2021-12-02', 0, 0, 0, 0);
INSERT INTO `ebook_snapshot` VALUES (753, 105552163899576320, '2021-12-02', 0, 0, 0, 0);
INSERT INTO `ebook_snapshot` VALUES (761, 1, '2021-12-03', 126, 34, 0, 0);
INSERT INTO `ebook_snapshot` VALUES (762, 2, '2021-12-03', 106, 48, 0, 0);
INSERT INTO `ebook_snapshot` VALUES (763, 3, '2021-12-03', 0, 0, 0, 0);
INSERT INTO `ebook_snapshot` VALUES (764, 4, '2021-12-03', 0, 0, 0, 0);
INSERT INTO `ebook_snapshot` VALUES (765, 5, '2021-12-03', 0, 0, 0, 0);
INSERT INTO `ebook_snapshot` VALUES (766, 102661370209767424, '2021-12-03', 0, 0, 0, 0);
INSERT INTO `ebook_snapshot` VALUES (767, 102772580095758336, '2021-12-03', 0, 0, 0, 0);
INSERT INTO `ebook_snapshot` VALUES (768, 105552163899576320, '2021-12-03', 0, 0, 0, 0);
INSERT INTO `ebook_snapshot` VALUES (776, 1, '2021-12-04', 126, 34, 0, 0);
INSERT INTO `ebook_snapshot` VALUES (777, 2, '2021-12-04', 106, 48, 0, 0);
INSERT INTO `ebook_snapshot` VALUES (778, 3, '2021-12-04', 0, 0, 0, 0);
INSERT INTO `ebook_snapshot` VALUES (779, 4, '2021-12-04', 0, 0, 0, 0);
INSERT INTO `ebook_snapshot` VALUES (780, 5, '2021-12-04', 0, 0, 0, 0);
INSERT INTO `ebook_snapshot` VALUES (781, 102661370209767424, '2021-12-04', 0, 0, 0, 0);
INSERT INTO `ebook_snapshot` VALUES (782, 102772580095758336, '2021-12-04', 0, 0, 0, 0);
INSERT INTO `ebook_snapshot` VALUES (783, 105552163899576320, '2021-12-04', 0, 0, 0, 0);
INSERT INTO `ebook_snapshot` VALUES (791, 1, '2021-12-05', 126, 34, 0, 0);
INSERT INTO `ebook_snapshot` VALUES (792, 2, '2021-12-05', 106, 48, 0, 0);
INSERT INTO `ebook_snapshot` VALUES (793, 3, '2021-12-05', 0, 0, 0, 0);
INSERT INTO `ebook_snapshot` VALUES (794, 4, '2021-12-05', 0, 0, 0, 0);
INSERT INTO `ebook_snapshot` VALUES (795, 5, '2021-12-05', 0, 0, 0, 0);
INSERT INTO `ebook_snapshot` VALUES (796, 102661370209767424, '2021-12-05', 0, 0, 0, 0);
INSERT INTO `ebook_snapshot` VALUES (797, 102772580095758336, '2021-12-05', 0, 0, 0, 0);
INSERT INTO `ebook_snapshot` VALUES (798, 105552163899576320, '2021-12-05', 0, 0, 0, 0);
INSERT INTO `ebook_snapshot` VALUES (806, 1, '2021-12-06', 126, 34, 0, 0);
INSERT INTO `ebook_snapshot` VALUES (807, 2, '2021-12-06', 106, 48, 0, 0);
INSERT INTO `ebook_snapshot` VALUES (808, 3, '2021-12-06', 0, 0, 0, 0);
INSERT INTO `ebook_snapshot` VALUES (809, 4, '2021-12-06', 0, 0, 0, 0);
INSERT INTO `ebook_snapshot` VALUES (810, 5, '2021-12-06', 0, 0, 0, 0);
INSERT INTO `ebook_snapshot` VALUES (811, 102661370209767424, '2021-12-06', 0, 0, 0, 0);
INSERT INTO `ebook_snapshot` VALUES (812, 102772580095758336, '2021-12-06', 0, 0, 0, 0);
INSERT INTO `ebook_snapshot` VALUES (813, 105552163899576320, '2021-12-06', 0, 0, 0, 0);
INSERT INTO `ebook_snapshot` VALUES (821, 1, '2021-12-07', 126, 34, 0, 0);
INSERT INTO `ebook_snapshot` VALUES (822, 2, '2021-12-07', 106, 48, 0, 0);
INSERT INTO `ebook_snapshot` VALUES (823, 3, '2021-12-07', 0, 0, 0, 0);
INSERT INTO `ebook_snapshot` VALUES (824, 4, '2021-12-07', 0, 0, 0, 0);
INSERT INTO `ebook_snapshot` VALUES (825, 5, '2021-12-07', 0, 0, 0, 0);
INSERT INTO `ebook_snapshot` VALUES (826, 102661370209767424, '2021-12-07', 0, 0, 0, 0);
INSERT INTO `ebook_snapshot` VALUES (827, 102772580095758336, '2021-12-07', 0, 0, 0, 0);
INSERT INTO `ebook_snapshot` VALUES (828, 105552163899576320, '2021-12-07', 0, 0, 0, 0);
INSERT INTO `ebook_snapshot` VALUES (836, 1, '2021-12-08', 126, 34, 0, 0);
INSERT INTO `ebook_snapshot` VALUES (837, 2, '2021-12-08', 106, 48, 0, 0);
INSERT INTO `ebook_snapshot` VALUES (838, 3, '2021-12-08', 0, 0, 0, 0);
INSERT INTO `ebook_snapshot` VALUES (839, 4, '2021-12-08', 0, 0, 0, 0);
INSERT INTO `ebook_snapshot` VALUES (840, 5, '2021-12-08', 0, 0, 0, 0);
INSERT INTO `ebook_snapshot` VALUES (841, 102661370209767424, '2021-12-08', 0, 0, 0, 0);
INSERT INTO `ebook_snapshot` VALUES (842, 102772580095758336, '2021-12-08', 0, 0, 0, 0);
INSERT INTO `ebook_snapshot` VALUES (843, 105552163899576320, '2021-12-08', 0, 0, 0, 0);
INSERT INTO `ebook_snapshot` VALUES (851, 1, '2021-12-09', 126, 34, 0, 0);
INSERT INTO `ebook_snapshot` VALUES (852, 2, '2021-12-09', 106, 48, 0, 0);
INSERT INTO `ebook_snapshot` VALUES (853, 3, '2021-12-09', 0, 0, 0, 0);
INSERT INTO `ebook_snapshot` VALUES (854, 4, '2021-12-09', 0, 0, 0, 0);
INSERT INTO `ebook_snapshot` VALUES (855, 5, '2021-12-09', 0, 0, 0, 0);
INSERT INTO `ebook_snapshot` VALUES (856, 102661370209767424, '2021-12-09', 0, 0, 0, 0);
INSERT INTO `ebook_snapshot` VALUES (857, 102772580095758336, '2021-12-09', 0, 0, 0, 0);
INSERT INTO `ebook_snapshot` VALUES (858, 105552163899576320, '2021-12-09', 0, 0, 0, 0);
INSERT INTO `ebook_snapshot` VALUES (866, 1, '2021-12-10', 126, 34, 0, 0);
INSERT INTO `ebook_snapshot` VALUES (867, 2, '2021-12-10', 106, 48, 0, 0);
INSERT INTO `ebook_snapshot` VALUES (868, 3, '2021-12-10', 0, 0, 0, 0);
INSERT INTO `ebook_snapshot` VALUES (869, 4, '2021-12-10', 0, 0, 0, 0);
INSERT INTO `ebook_snapshot` VALUES (870, 5, '2021-12-10', 0, 0, 0, 0);
INSERT INTO `ebook_snapshot` VALUES (871, 102661370209767424, '2021-12-10', 0, 0, 0, 0);
INSERT INTO `ebook_snapshot` VALUES (872, 102772580095758336, '2021-12-10', 0, 0, 0, 0);
INSERT INTO `ebook_snapshot` VALUES (873, 105552163899576320, '2021-12-10', 0, 0, 0, 0);
INSERT INTO `ebook_snapshot` VALUES (881, 1, '2021-12-11', 126, 34, 0, 0);
INSERT INTO `ebook_snapshot` VALUES (882, 2, '2021-12-11', 106, 48, 0, 0);
INSERT INTO `ebook_snapshot` VALUES (883, 3, '2021-12-11', 0, 0, 0, 0);
INSERT INTO `ebook_snapshot` VALUES (884, 4, '2021-12-11', 0, 0, 0, 0);
INSERT INTO `ebook_snapshot` VALUES (885, 5, '2021-12-11', 0, 0, 0, 0);
INSERT INTO `ebook_snapshot` VALUES (886, 102661370209767424, '2021-12-11', 0, 0, 0, 0);
INSERT INTO `ebook_snapshot` VALUES (887, 102772580095758336, '2021-12-11', 0, 0, 0, 0);
INSERT INTO `ebook_snapshot` VALUES (888, 105552163899576320, '2021-12-11', 0, 0, 0, 0);
INSERT INTO `ebook_snapshot` VALUES (896, 1, '2021-12-12', 126, 34, 0, 0);
INSERT INTO `ebook_snapshot` VALUES (897, 2, '2021-12-12', 106, 48, 0, 0);
INSERT INTO `ebook_snapshot` VALUES (898, 3, '2021-12-12', 0, 0, 0, 0);
INSERT INTO `ebook_snapshot` VALUES (899, 4, '2021-12-12', 0, 0, 0, 0);
INSERT INTO `ebook_snapshot` VALUES (900, 5, '2021-12-12', 0, 0, 0, 0);
INSERT INTO `ebook_snapshot` VALUES (901, 102661370209767424, '2021-12-12', 0, 0, 0, 0);
INSERT INTO `ebook_snapshot` VALUES (902, 102772580095758336, '2021-12-12', 0, 0, 0, 0);
INSERT INTO `ebook_snapshot` VALUES (903, 105552163899576320, '2021-12-12', 0, 0, 0, 0);
INSERT INTO `ebook_snapshot` VALUES (911, 1, '2021-12-13', 126, 34, 0, 0);
INSERT INTO `ebook_snapshot` VALUES (912, 2, '2021-12-13', 106, 48, 0, 0);
INSERT INTO `ebook_snapshot` VALUES (913, 3, '2021-12-13', 0, 0, 0, 0);
INSERT INTO `ebook_snapshot` VALUES (914, 4, '2021-12-13', 0, 0, 0, 0);
INSERT INTO `ebook_snapshot` VALUES (915, 5, '2021-12-13', 0, 0, 0, 0);
INSERT INTO `ebook_snapshot` VALUES (916, 102661370209767424, '2021-12-13', 0, 0, 0, 0);
INSERT INTO `ebook_snapshot` VALUES (917, 102772580095758336, '2021-12-13', 0, 0, 0, 0);
INSERT INTO `ebook_snapshot` VALUES (918, 105552163899576320, '2021-12-13', 0, 0, 0, 0);
INSERT INTO `ebook_snapshot` VALUES (926, 1, '2021-12-14', 126, 34, 0, 0);
INSERT INTO `ebook_snapshot` VALUES (927, 2, '2021-12-14', 106, 48, 0, 0);
INSERT INTO `ebook_snapshot` VALUES (928, 3, '2021-12-14', 0, 0, 0, 0);
INSERT INTO `ebook_snapshot` VALUES (929, 4, '2021-12-14', 0, 0, 0, 0);
INSERT INTO `ebook_snapshot` VALUES (930, 5, '2021-12-14', 0, 0, 0, 0);
INSERT INTO `ebook_snapshot` VALUES (931, 102661370209767424, '2021-12-14', 0, 0, 0, 0);
INSERT INTO `ebook_snapshot` VALUES (932, 102772580095758336, '2021-12-14', 0, 0, 0, 0);
INSERT INTO `ebook_snapshot` VALUES (933, 105552163899576320, '2021-12-14', 0, 0, 0, 0);
INSERT INTO `ebook_snapshot` VALUES (941, 1, '2021-12-15', 126, 34, 0, 0);
INSERT INTO `ebook_snapshot` VALUES (942, 2, '2021-12-15', 106, 48, 0, 0);
INSERT INTO `ebook_snapshot` VALUES (943, 3, '2021-12-15', 0, 0, 0, 0);
INSERT INTO `ebook_snapshot` VALUES (944, 4, '2021-12-15', 0, 0, 0, 0);
INSERT INTO `ebook_snapshot` VALUES (945, 5, '2021-12-15', 0, 0, 0, 0);
INSERT INTO `ebook_snapshot` VALUES (946, 102661370209767424, '2021-12-15', 0, 0, 0, 0);
INSERT INTO `ebook_snapshot` VALUES (947, 102772580095758336, '2021-12-15', 0, 0, 0, 0);
INSERT INTO `ebook_snapshot` VALUES (948, 105552163899576320, '2021-12-15', 0, 0, 0, 0);
INSERT INTO `ebook_snapshot` VALUES (956, 1, '2021-12-16', 126, 34, 0, 0);
INSERT INTO `ebook_snapshot` VALUES (957, 2, '2021-12-16', 106, 48, 0, 0);
INSERT INTO `ebook_snapshot` VALUES (958, 3, '2021-12-16', 0, 0, 0, 0);
INSERT INTO `ebook_snapshot` VALUES (959, 4, '2021-12-16', 0, 0, 0, 0);
INSERT INTO `ebook_snapshot` VALUES (960, 5, '2021-12-16', 0, 0, 0, 0);
INSERT INTO `ebook_snapshot` VALUES (961, 102661370209767424, '2021-12-16', 0, 0, 0, 0);
INSERT INTO `ebook_snapshot` VALUES (962, 102772580095758336, '2021-12-16', 0, 0, 0, 0);
INSERT INTO `ebook_snapshot` VALUES (963, 105552163899576320, '2021-12-16', 0, 0, 0, 0);
INSERT INTO `ebook_snapshot` VALUES (971, 1, '2021-12-17', 126, 34, 0, 0);
INSERT INTO `ebook_snapshot` VALUES (972, 2, '2021-12-17', 106, 48, 0, 0);
INSERT INTO `ebook_snapshot` VALUES (973, 3, '2021-12-17', 0, 0, 0, 0);
INSERT INTO `ebook_snapshot` VALUES (974, 4, '2021-12-17', 0, 0, 0, 0);
INSERT INTO `ebook_snapshot` VALUES (975, 5, '2021-12-17', 0, 0, 0, 0);
INSERT INTO `ebook_snapshot` VALUES (976, 102661370209767424, '2021-12-17', 0, 0, 0, 0);
INSERT INTO `ebook_snapshot` VALUES (977, 102772580095758336, '2021-12-17', 0, 0, 0, 0);
INSERT INTO `ebook_snapshot` VALUES (978, 105552163899576320, '2021-12-17', 0, 0, 0, 0);
INSERT INTO `ebook_snapshot` VALUES (986, 1, '2021-12-18', 126, 34, 0, 0);
INSERT INTO `ebook_snapshot` VALUES (987, 2, '2021-12-18', 106, 48, 0, 0);
INSERT INTO `ebook_snapshot` VALUES (988, 3, '2021-12-18', 0, 0, 0, 0);
INSERT INTO `ebook_snapshot` VALUES (989, 4, '2021-12-18', 0, 0, 0, 0);
INSERT INTO `ebook_snapshot` VALUES (990, 5, '2021-12-18', 0, 0, 0, 0);
INSERT INTO `ebook_snapshot` VALUES (991, 102661370209767424, '2021-12-18', 0, 0, 0, 0);
INSERT INTO `ebook_snapshot` VALUES (992, 102772580095758336, '2021-12-18', 0, 0, 0, 0);
INSERT INTO `ebook_snapshot` VALUES (993, 105552163899576320, '2021-12-18', 0, 0, 0, 0);
INSERT INTO `ebook_snapshot` VALUES (1001, 1, '2021-12-19', 126, 34, 0, 0);
INSERT INTO `ebook_snapshot` VALUES (1002, 2, '2021-12-19', 111, 53, 5, 5);
INSERT INTO `ebook_snapshot` VALUES (1003, 3, '2021-12-19', 0, 0, 0, 0);
INSERT INTO `ebook_snapshot` VALUES (1004, 4, '2021-12-19', 0, 0, 0, 0);
INSERT INTO `ebook_snapshot` VALUES (1005, 5, '2021-12-19', 0, 0, 0, 0);
INSERT INTO `ebook_snapshot` VALUES (1006, 102661370209767424, '2021-12-19', 0, 0, 0, 0);
INSERT INTO `ebook_snapshot` VALUES (1007, 102772580095758336, '2021-12-19', 0, 0, 0, 0);
INSERT INTO `ebook_snapshot` VALUES (1008, 105552163899576320, '2021-12-19', 0, 0, 0, 0);
INSERT INTO `ebook_snapshot` VALUES (1016, 1, '2021-12-20', 126, 34, 0, 0);
INSERT INTO `ebook_snapshot` VALUES (1017, 2, '2021-12-20', 111, 53, 0, 0);
INSERT INTO `ebook_snapshot` VALUES (1018, 3, '2021-12-20', 0, 0, 0, 0);
INSERT INTO `ebook_snapshot` VALUES (1019, 4, '2021-12-20', 0, 0, 0, 0);
INSERT INTO `ebook_snapshot` VALUES (1020, 5, '2021-12-20', 0, 0, 0, 0);
INSERT INTO `ebook_snapshot` VALUES (1021, 102661370209767424, '2021-12-20', 0, 0, 0, 0);
INSERT INTO `ebook_snapshot` VALUES (1022, 102772580095758336, '2021-12-20', 0, 0, 0, 0);
INSERT INTO `ebook_snapshot` VALUES (1023, 105552163899576320, '2021-12-20', 0, 0, 0, 0);
INSERT INTO `ebook_snapshot` VALUES (1031, 1, '2021-12-21', 126, 34, 0, 0);
INSERT INTO `ebook_snapshot` VALUES (1032, 2, '2021-12-21', 111, 53, 0, 0);
INSERT INTO `ebook_snapshot` VALUES (1033, 3, '2021-12-21', 0, 0, 0, 0);
INSERT INTO `ebook_snapshot` VALUES (1034, 4, '2021-12-21', 0, 0, 0, 0);
INSERT INTO `ebook_snapshot` VALUES (1035, 5, '2021-12-21', 0, 0, 0, 0);
INSERT INTO `ebook_snapshot` VALUES (1036, 102661370209767424, '2021-12-21', 0, 0, 0, 0);
INSERT INTO `ebook_snapshot` VALUES (1037, 102772580095758336, '2021-12-21', 0, 0, 0, 0);
INSERT INTO `ebook_snapshot` VALUES (1038, 105552163899576320, '2021-12-21', 0, 0, 0, 0);
INSERT INTO `ebook_snapshot` VALUES (1046, 1, '2021-12-22', 126, 34, 0, 0);
INSERT INTO `ebook_snapshot` VALUES (1047, 2, '2021-12-22', 111, 53, 0, 0);
INSERT INTO `ebook_snapshot` VALUES (1048, 3, '2021-12-22', 0, 0, 0, 0);
INSERT INTO `ebook_snapshot` VALUES (1049, 4, '2021-12-22', 0, 0, 0, 0);
INSERT INTO `ebook_snapshot` VALUES (1050, 5, '2021-12-22', 0, 0, 0, 0);
INSERT INTO `ebook_snapshot` VALUES (1051, 102661370209767424, '2021-12-22', 0, 0, 0, 0);
INSERT INTO `ebook_snapshot` VALUES (1052, 102772580095758336, '2021-12-22', 0, 0, 0, 0);
INSERT INTO `ebook_snapshot` VALUES (1053, 105552163899576320, '2021-12-22', 0, 0, 0, 0);
INSERT INTO `ebook_snapshot` VALUES (1061, 1, '2021-12-23', 126, 34, 0, 0);
INSERT INTO `ebook_snapshot` VALUES (1062, 2, '2021-12-23', 111, 53, 0, 0);
INSERT INTO `ebook_snapshot` VALUES (1063, 3, '2021-12-23', 0, 0, 0, 0);
INSERT INTO `ebook_snapshot` VALUES (1064, 4, '2021-12-23', 0, 0, 0, 0);
INSERT INTO `ebook_snapshot` VALUES (1065, 5, '2021-12-23', 0, 0, 0, 0);
INSERT INTO `ebook_snapshot` VALUES (1066, 102661370209767424, '2021-12-23', 0, 0, 0, 0);
INSERT INTO `ebook_snapshot` VALUES (1067, 102772580095758336, '2021-12-23', 0, 0, 0, 0);
INSERT INTO `ebook_snapshot` VALUES (1068, 105552163899576320, '2021-12-23', 0, 0, 0, 0);
INSERT INTO `ebook_snapshot` VALUES (1076, 1, '2021-12-24', 126, 34, 0, 0);
INSERT INTO `ebook_snapshot` VALUES (1077, 2, '2021-12-24', 111, 53, 0, 0);
INSERT INTO `ebook_snapshot` VALUES (1078, 3, '2021-12-24', 0, 0, 0, 0);
INSERT INTO `ebook_snapshot` VALUES (1079, 4, '2021-12-24', 0, 0, 0, 0);
INSERT INTO `ebook_snapshot` VALUES (1080, 5, '2021-12-24', 0, 0, 0, 0);
INSERT INTO `ebook_snapshot` VALUES (1081, 102661370209767424, '2021-12-24', 0, 0, 0, 0);
INSERT INTO `ebook_snapshot` VALUES (1082, 102772580095758336, '2021-12-24', 0, 0, 0, 0);
INSERT INTO `ebook_snapshot` VALUES (1083, 105552163899576320, '2021-12-24', 0, 0, 0, 0);
INSERT INTO `ebook_snapshot` VALUES (1091, 1, '2021-12-25', 126, 34, 0, 0);
INSERT INTO `ebook_snapshot` VALUES (1092, 2, '2021-12-25', 111, 53, 0, 0);
INSERT INTO `ebook_snapshot` VALUES (1093, 3, '2021-12-25', 0, 0, 0, 0);
INSERT INTO `ebook_snapshot` VALUES (1094, 4, '2021-12-25', 0, 0, 0, 0);
INSERT INTO `ebook_snapshot` VALUES (1095, 5, '2021-12-25', 0, 0, 0, 0);
INSERT INTO `ebook_snapshot` VALUES (1096, 102661370209767424, '2021-12-25', 0, 0, 0, 0);
INSERT INTO `ebook_snapshot` VALUES (1097, 102772580095758336, '2021-12-25', 0, 0, 0, 0);
INSERT INTO `ebook_snapshot` VALUES (1098, 105552163899576320, '2021-12-25', 0, 0, 0, 0);
INSERT INTO `ebook_snapshot` VALUES (1106, 1, '2021-12-26', 126, 34, 0, 0);
INSERT INTO `ebook_snapshot` VALUES (1107, 2, '2021-12-26', 111, 53, 0, 0);
INSERT INTO `ebook_snapshot` VALUES (1108, 3, '2021-12-26', 0, 0, 0, 0);
INSERT INTO `ebook_snapshot` VALUES (1109, 4, '2021-12-26', 0, 0, 0, 0);
INSERT INTO `ebook_snapshot` VALUES (1110, 5, '2021-12-26', 0, 0, 0, 0);
INSERT INTO `ebook_snapshot` VALUES (1111, 102661370209767424, '2021-12-26', 0, 0, 0, 0);
INSERT INTO `ebook_snapshot` VALUES (1112, 102772580095758336, '2021-12-26', 0, 0, 0, 0);
INSERT INTO `ebook_snapshot` VALUES (1113, 105552163899576320, '2021-12-26', 0, 0, 0, 0);
INSERT INTO `ebook_snapshot` VALUES (1121, 1, '2021-12-27', 126, 34, 0, 0);
INSERT INTO `ebook_snapshot` VALUES (1122, 2, '2021-12-27', 111, 53, 0, 0);
INSERT INTO `ebook_snapshot` VALUES (1123, 3, '2021-12-27', 0, 0, 0, 0);
INSERT INTO `ebook_snapshot` VALUES (1124, 4, '2021-12-27', 0, 0, 0, 0);
INSERT INTO `ebook_snapshot` VALUES (1125, 5, '2021-12-27', 0, 0, 0, 0);
INSERT INTO `ebook_snapshot` VALUES (1126, 102661370209767424, '2021-12-27', 0, 0, 0, 0);
INSERT INTO `ebook_snapshot` VALUES (1127, 102772580095758336, '2021-12-27', 0, 0, 0, 0);
INSERT INTO `ebook_snapshot` VALUES (1128, 105552163899576320, '2021-12-27', 0, 0, 0, 0);
INSERT INTO `ebook_snapshot` VALUES (1136, 1, '2021-12-28', 126, 34, 0, 0);
INSERT INTO `ebook_snapshot` VALUES (1137, 2, '2021-12-28', 111, 53, 0, 0);
INSERT INTO `ebook_snapshot` VALUES (1138, 3, '2021-12-28', 0, 0, 0, 0);
INSERT INTO `ebook_snapshot` VALUES (1139, 4, '2021-12-28', 0, 0, 0, 0);
INSERT INTO `ebook_snapshot` VALUES (1140, 5, '2021-12-28', 0, 0, 0, 0);
INSERT INTO `ebook_snapshot` VALUES (1141, 102661370209767424, '2021-12-28', 0, 0, 0, 0);
INSERT INTO `ebook_snapshot` VALUES (1142, 102772580095758336, '2021-12-28', 0, 0, 0, 0);
INSERT INTO `ebook_snapshot` VALUES (1143, 105552163899576320, '2021-12-28', 0, 0, 0, 0);
INSERT INTO `ebook_snapshot` VALUES (1151, 1, '2021-12-29', 126, 34, 0, 0);
INSERT INTO `ebook_snapshot` VALUES (1152, 2, '2021-12-29', 111, 53, 0, 0);
INSERT INTO `ebook_snapshot` VALUES (1153, 3, '2021-12-29', 0, 0, 0, 0);
INSERT INTO `ebook_snapshot` VALUES (1154, 4, '2021-12-29', 0, 0, 0, 0);
INSERT INTO `ebook_snapshot` VALUES (1155, 5, '2021-12-29', 0, 0, 0, 0);
INSERT INTO `ebook_snapshot` VALUES (1156, 102661370209767424, '2021-12-29', 0, 0, 0, 0);
INSERT INTO `ebook_snapshot` VALUES (1157, 102772580095758336, '2021-12-29', 0, 0, 0, 0);
INSERT INTO `ebook_snapshot` VALUES (1158, 105552163899576320, '2021-12-29', 0, 0, 0, 0);
INSERT INTO `ebook_snapshot` VALUES (1166, 1, '2021-12-30', 126, 34, 0, 0);
INSERT INTO `ebook_snapshot` VALUES (1167, 2, '2021-12-30', 111, 53, 0, 0);
INSERT INTO `ebook_snapshot` VALUES (1168, 3, '2021-12-30', 0, 0, 0, 0);
INSERT INTO `ebook_snapshot` VALUES (1169, 4, '2021-12-30', 0, 0, 0, 0);
INSERT INTO `ebook_snapshot` VALUES (1170, 5, '2021-12-30', 0, 0, 0, 0);
INSERT INTO `ebook_snapshot` VALUES (1171, 102661370209767424, '2021-12-30', 0, 0, 0, 0);
INSERT INTO `ebook_snapshot` VALUES (1172, 102772580095758336, '2021-12-30', 0, 0, 0, 0);
INSERT INTO `ebook_snapshot` VALUES (1173, 105552163899576320, '2021-12-30', 0, 0, 0, 0);
INSERT INTO `ebook_snapshot` VALUES (1181, 1, '2021-12-31', 126, 34, 0, 0);
INSERT INTO `ebook_snapshot` VALUES (1182, 2, '2021-12-31', 111, 53, 0, 0);
INSERT INTO `ebook_snapshot` VALUES (1183, 3, '2021-12-31', 0, 0, 0, 0);
INSERT INTO `ebook_snapshot` VALUES (1184, 4, '2021-12-31', 0, 0, 0, 0);
INSERT INTO `ebook_snapshot` VALUES (1185, 5, '2021-12-31', 0, 0, 0, 0);
INSERT INTO `ebook_snapshot` VALUES (1186, 102661370209767424, '2021-12-31', 0, 0, 0, 0);
INSERT INTO `ebook_snapshot` VALUES (1187, 102772580095758336, '2021-12-31', 0, 0, 0, 0);
INSERT INTO `ebook_snapshot` VALUES (1188, 105552163899576320, '2021-12-31', 0, 0, 0, 0);
INSERT INTO `ebook_snapshot` VALUES (1196, 1, '2022-01-01', 126, 34, 0, 0);
INSERT INTO `ebook_snapshot` VALUES (1197, 2, '2022-01-01', 111, 53, 0, 0);
INSERT INTO `ebook_snapshot` VALUES (1198, 3, '2022-01-01', 0, 0, 0, 0);
INSERT INTO `ebook_snapshot` VALUES (1199, 4, '2022-01-01', 0, 0, 0, 0);
INSERT INTO `ebook_snapshot` VALUES (1200, 5, '2022-01-01', 0, 0, 0, 0);
INSERT INTO `ebook_snapshot` VALUES (1201, 102661370209767424, '2022-01-01', 0, 0, 0, 0);
INSERT INTO `ebook_snapshot` VALUES (1202, 102772580095758336, '2022-01-01', 0, 0, 0, 0);
INSERT INTO `ebook_snapshot` VALUES (1203, 105552163899576320, '2022-01-01', 0, 0, 0, 0);
INSERT INTO `ebook_snapshot` VALUES (1211, 1, '2022-01-02', 126, 34, 0, 0);
INSERT INTO `ebook_snapshot` VALUES (1212, 2, '2022-01-02', 111, 53, 0, 0);
INSERT INTO `ebook_snapshot` VALUES (1213, 3, '2022-01-02', 0, 0, 0, 0);
INSERT INTO `ebook_snapshot` VALUES (1214, 4, '2022-01-02', 0, 0, 0, 0);
INSERT INTO `ebook_snapshot` VALUES (1215, 5, '2022-01-02', 0, 0, 0, 0);
INSERT INTO `ebook_snapshot` VALUES (1216, 102661370209767424, '2022-01-02', 0, 0, 0, 0);
INSERT INTO `ebook_snapshot` VALUES (1217, 102772580095758336, '2022-01-02', 0, 0, 0, 0);
INSERT INTO `ebook_snapshot` VALUES (1218, 105552163899576320, '2022-01-02', 0, 0, 0, 0);
INSERT INTO `ebook_snapshot` VALUES (1226, 1, '2022-01-03', 126, 34, 0, 0);
INSERT INTO `ebook_snapshot` VALUES (1227, 2, '2022-01-03', 111, 53, 0, 0);
INSERT INTO `ebook_snapshot` VALUES (1228, 3, '2022-01-03', 0, 0, 0, 0);
INSERT INTO `ebook_snapshot` VALUES (1229, 4, '2022-01-03', 0, 0, 0, 0);
INSERT INTO `ebook_snapshot` VALUES (1230, 5, '2022-01-03', 0, 0, 0, 0);
INSERT INTO `ebook_snapshot` VALUES (1231, 102661370209767424, '2022-01-03', 0, 0, 0, 0);
INSERT INTO `ebook_snapshot` VALUES (1232, 102772580095758336, '2022-01-03', 0, 0, 0, 0);
INSERT INTO `ebook_snapshot` VALUES (1233, 105552163899576320, '2022-01-03', 0, 0, 0, 0);
INSERT INTO `ebook_snapshot` VALUES (1241, 1, '2022-01-04', 126, 34, 0, 0);
INSERT INTO `ebook_snapshot` VALUES (1242, 2, '2022-01-04', 111, 53, 0, 0);
INSERT INTO `ebook_snapshot` VALUES (1243, 3, '2022-01-04', 0, 0, 0, 0);
INSERT INTO `ebook_snapshot` VALUES (1244, 4, '2022-01-04', 0, 0, 0, 0);
INSERT INTO `ebook_snapshot` VALUES (1245, 5, '2022-01-04', 0, 0, 0, 0);
INSERT INTO `ebook_snapshot` VALUES (1246, 102661370209767424, '2022-01-04', 0, 0, 0, 0);
INSERT INTO `ebook_snapshot` VALUES (1247, 102772580095758336, '2022-01-04', 0, 0, 0, 0);
INSERT INTO `ebook_snapshot` VALUES (1248, 105552163899576320, '2022-01-04', 0, 0, 0, 0);
INSERT INTO `ebook_snapshot` VALUES (1256, 1, '2022-01-05', 126, 34, 0, 0);
INSERT INTO `ebook_snapshot` VALUES (1257, 2, '2022-01-05', 111, 53, 0, 0);
INSERT INTO `ebook_snapshot` VALUES (1258, 3, '2022-01-05', 0, 0, 0, 0);
INSERT INTO `ebook_snapshot` VALUES (1259, 4, '2022-01-05', 0, 0, 0, 0);
INSERT INTO `ebook_snapshot` VALUES (1260, 5, '2022-01-05', 0, 0, 0, 0);
INSERT INTO `ebook_snapshot` VALUES (1261, 102661370209767424, '2022-01-05', 0, 0, 0, 0);
INSERT INTO `ebook_snapshot` VALUES (1262, 102772580095758336, '2022-01-05', 0, 0, 0, 0);
INSERT INTO `ebook_snapshot` VALUES (1263, 105552163899576320, '2022-01-05', 0, 0, 0, 0);
INSERT INTO `ebook_snapshot` VALUES (1271, 1, '2022-01-06', 126, 34, 0, 0);
INSERT INTO `ebook_snapshot` VALUES (1272, 2, '2022-01-06', 111, 53, 0, 0);
INSERT INTO `ebook_snapshot` VALUES (1273, 3, '2022-01-06', 0, 0, 0, 0);
INSERT INTO `ebook_snapshot` VALUES (1274, 4, '2022-01-06', 0, 0, 0, 0);
INSERT INTO `ebook_snapshot` VALUES (1275, 5, '2022-01-06', 0, 0, 0, 0);
INSERT INTO `ebook_snapshot` VALUES (1276, 102661370209767424, '2022-01-06', 0, 0, 0, 0);
INSERT INTO `ebook_snapshot` VALUES (1277, 102772580095758336, '2022-01-06', 0, 0, 0, 0);
INSERT INTO `ebook_snapshot` VALUES (1278, 105552163899576320, '2022-01-06', 0, 0, 0, 0);
INSERT INTO `ebook_snapshot` VALUES (1286, 1, '2022-01-07', 126, 34, 0, 0);
INSERT INTO `ebook_snapshot` VALUES (1287, 2, '2022-01-07', 112, 54, 1, 1);
INSERT INTO `ebook_snapshot` VALUES (1288, 3, '2022-01-07', 0, 0, 0, 0);
INSERT INTO `ebook_snapshot` VALUES (1289, 4, '2022-01-07', 0, 0, 0, 0);
INSERT INTO `ebook_snapshot` VALUES (1290, 5, '2022-01-07', 0, 0, 0, 0);
INSERT INTO `ebook_snapshot` VALUES (1291, 102661370209767424, '2022-01-07', 0, 0, 0, 0);
INSERT INTO `ebook_snapshot` VALUES (1292, 102772580095758336, '2022-01-07', 0, 0, 0, 0);
INSERT INTO `ebook_snapshot` VALUES (1293, 105552163899576320, '2022-01-07', 0, 0, 0, 0);
INSERT INTO `ebook_snapshot` VALUES (1301, 1, '2022-01-08', 126, 34, 0, 0);
INSERT INTO `ebook_snapshot` VALUES (1302, 2, '2022-01-08', 112, 54, 0, 0);
INSERT INTO `ebook_snapshot` VALUES (1303, 3, '2022-01-08', 0, 0, 0, 0);
INSERT INTO `ebook_snapshot` VALUES (1304, 4, '2022-01-08', 0, 0, 0, 0);
INSERT INTO `ebook_snapshot` VALUES (1305, 5, '2022-01-08', 0, 0, 0, 0);
INSERT INTO `ebook_snapshot` VALUES (1306, 102661370209767424, '2022-01-08', 0, 0, 0, 0);
INSERT INTO `ebook_snapshot` VALUES (1307, 102772580095758336, '2022-01-08', 0, 0, 0, 0);
INSERT INTO `ebook_snapshot` VALUES (1308, 105552163899576320, '2022-01-08', 0, 0, 0, 0);
INSERT INTO `ebook_snapshot` VALUES (1316, 1, '2022-01-09', 135, 39, 7, 4);
INSERT INTO `ebook_snapshot` VALUES (1317, 2, '2022-01-09', 134, 62, 20, 8);
INSERT INTO `ebook_snapshot` VALUES (1318, 3, '2022-01-09', 0, 0, 0, 0);
INSERT INTO `ebook_snapshot` VALUES (1319, 4, '2022-01-09', 0, 0, 0, 0);
INSERT INTO `ebook_snapshot` VALUES (1320, 5, '2022-01-09', 0, 0, 0, 0);
INSERT INTO `ebook_snapshot` VALUES (1321, 102661370209767424, '2022-01-09', 0, 0, 0, 0);
INSERT INTO `ebook_snapshot` VALUES (1322, 102772580095758336, '2022-01-09', 0, 0, 0, 0);
INSERT INTO `ebook_snapshot` VALUES (1323, 105552163899576320, '2022-01-09', 0, 0, 0, 0);
INSERT INTO `ebook_snapshot` VALUES (1331, 1, '2022-01-10', 136, 39, 1, 0);
INSERT INTO `ebook_snapshot` VALUES (1332, 2, '2022-01-10', 135, 63, 1, 1);
INSERT INTO `ebook_snapshot` VALUES (1333, 3, '2022-01-10', 0, 0, 0, 0);
INSERT INTO `ebook_snapshot` VALUES (1334, 4, '2022-01-10', 0, 0, 0, 0);
INSERT INTO `ebook_snapshot` VALUES (1335, 5, '2022-01-10', 0, 0, 0, 0);
INSERT INTO `ebook_snapshot` VALUES (1336, 102661370209767424, '2022-01-10', 0, 0, 0, 0);
INSERT INTO `ebook_snapshot` VALUES (1337, 102772580095758336, '2022-01-10', 0, 0, 0, 0);
INSERT INTO `ebook_snapshot` VALUES (1338, 105552163899576320, '2022-01-10', 0, 0, 0, 0);
INSERT INTO `ebook_snapshot` VALUES (1346, 1, '2022-01-11', 136, 39, 0, 0);
INSERT INTO `ebook_snapshot` VALUES (1347, 2, '2022-01-11', 135, 63, 0, 0);
INSERT INTO `ebook_snapshot` VALUES (1348, 3, '2022-01-11', 0, 0, 0, 0);
INSERT INTO `ebook_snapshot` VALUES (1349, 4, '2022-01-11', 0, 0, 0, 0);
INSERT INTO `ebook_snapshot` VALUES (1350, 5, '2022-01-11', 0, 0, 0, 0);
INSERT INTO `ebook_snapshot` VALUES (1351, 102661370209767424, '2022-01-11', 0, 0, 0, 0);
INSERT INTO `ebook_snapshot` VALUES (1352, 102772580095758336, '2022-01-11', 0, 0, 0, 0);
INSERT INTO `ebook_snapshot` VALUES (1353, 105552163899576320, '2022-01-11', 0, 0, 0, 0);
INSERT INTO `ebook_snapshot` VALUES (1361, 1, '2022-01-12', 136, 39, 0, 0);
INSERT INTO `ebook_snapshot` VALUES (1362, 2, '2022-01-12', 135, 63, 0, 0);
INSERT INTO `ebook_snapshot` VALUES (1363, 3, '2022-01-12', 0, 0, 0, 0);
INSERT INTO `ebook_snapshot` VALUES (1364, 4, '2022-01-12', 0, 0, 0, 0);
INSERT INTO `ebook_snapshot` VALUES (1365, 5, '2022-01-12', 0, 0, 0, 0);
INSERT INTO `ebook_snapshot` VALUES (1366, 102661370209767424, '2022-01-12', 0, 0, 0, 0);
INSERT INTO `ebook_snapshot` VALUES (1367, 102772580095758336, '2022-01-12', 0, 0, 0, 0);
INSERT INTO `ebook_snapshot` VALUES (1368, 105552163899576320, '2022-01-12', 0, 0, 0, 0);
INSERT INTO `ebook_snapshot` VALUES (1376, 1, '2022-01-13', 136, 39, 0, 0);
INSERT INTO `ebook_snapshot` VALUES (1377, 2, '2022-01-13', 135, 63, 0, 0);
INSERT INTO `ebook_snapshot` VALUES (1378, 3, '2022-01-13', 0, 0, 0, 0);
INSERT INTO `ebook_snapshot` VALUES (1379, 4, '2022-01-13', 0, 0, 0, 0);
INSERT INTO `ebook_snapshot` VALUES (1380, 5, '2022-01-13', 0, 0, 0, 0);
INSERT INTO `ebook_snapshot` VALUES (1381, 102661370209767424, '2022-01-13', 0, 0, 0, 0);
INSERT INTO `ebook_snapshot` VALUES (1382, 102772580095758336, '2022-01-13', 0, 0, 0, 0);
INSERT INTO `ebook_snapshot` VALUES (1383, 105552163899576320, '2022-01-13', 0, 0, 0, 0);
INSERT INTO `ebook_snapshot` VALUES (1391, 1, '2022-01-14', 136, 39, 0, 0);
INSERT INTO `ebook_snapshot` VALUES (1392, 2, '2022-01-14', 135, 63, 0, 0);
INSERT INTO `ebook_snapshot` VALUES (1393, 3, '2022-01-14', 0, 0, 0, 0);
INSERT INTO `ebook_snapshot` VALUES (1394, 4, '2022-01-14', 0, 0, 0, 0);
INSERT INTO `ebook_snapshot` VALUES (1395, 5, '2022-01-14', 0, 0, 0, 0);
INSERT INTO `ebook_snapshot` VALUES (1396, 102661370209767424, '2022-01-14', 0, 0, 0, 0);
INSERT INTO `ebook_snapshot` VALUES (1397, 102772580095758336, '2022-01-14', 0, 0, 0, 0);
INSERT INTO `ebook_snapshot` VALUES (1398, 105552163899576320, '2022-01-14', 0, 0, 0, 0);
INSERT INTO `ebook_snapshot` VALUES (1406, 1, '2022-01-15', 136, 39, 0, 0);
INSERT INTO `ebook_snapshot` VALUES (1407, 2, '2022-01-15', 135, 63, 0, 0);
INSERT INTO `ebook_snapshot` VALUES (1408, 3, '2022-01-15', 0, 0, 0, 0);
INSERT INTO `ebook_snapshot` VALUES (1409, 4, '2022-01-15', 0, 0, 0, 0);
INSERT INTO `ebook_snapshot` VALUES (1410, 5, '2022-01-15', 0, 0, 0, 0);
INSERT INTO `ebook_snapshot` VALUES (1411, 102661370209767424, '2022-01-15', 0, 0, 0, 0);
INSERT INTO `ebook_snapshot` VALUES (1412, 102772580095758336, '2022-01-15', 0, 0, 0, 0);
INSERT INTO `ebook_snapshot` VALUES (1413, 105552163899576320, '2022-01-15', 0, 0, 0, 0);
INSERT INTO `ebook_snapshot` VALUES (1421, 1, '2022-01-16', 136, 39, 0, 0);
INSERT INTO `ebook_snapshot` VALUES (1422, 2, '2022-01-16', 135, 63, 0, 0);
INSERT INTO `ebook_snapshot` VALUES (1423, 3, '2022-01-16', 0, 0, 0, 0);
INSERT INTO `ebook_snapshot` VALUES (1424, 4, '2022-01-16', 0, 0, 0, 0);
INSERT INTO `ebook_snapshot` VALUES (1425, 5, '2022-01-16', 0, 0, 0, 0);
INSERT INTO `ebook_snapshot` VALUES (1426, 102661370209767424, '2022-01-16', 0, 0, 0, 0);
INSERT INTO `ebook_snapshot` VALUES (1427, 102772580095758336, '2022-01-16', 0, 0, 0, 0);
INSERT INTO `ebook_snapshot` VALUES (1428, 105552163899576320, '2022-01-16', 0, 0, 0, 0);
INSERT INTO `ebook_snapshot` VALUES (1436, 1, '2022-01-17', 136, 39, 0, 0);
INSERT INTO `ebook_snapshot` VALUES (1437, 2, '2022-01-17', 136, 64, 1, 1);
INSERT INTO `ebook_snapshot` VALUES (1438, 3, '2022-01-17', 0, 0, 0, 0);
INSERT INTO `ebook_snapshot` VALUES (1439, 4, '2022-01-17', 0, 0, 0, 0);
INSERT INTO `ebook_snapshot` VALUES (1440, 5, '2022-01-17', 0, 0, 0, 0);
INSERT INTO `ebook_snapshot` VALUES (1441, 102661370209767424, '2022-01-17', 0, 0, 0, 0);
INSERT INTO `ebook_snapshot` VALUES (1442, 102772580095758336, '2022-01-17', 0, 0, 0, 0);
INSERT INTO `ebook_snapshot` VALUES (1443, 105552163899576320, '2022-01-17', 0, 0, 0, 0);
INSERT INTO `ebook_snapshot` VALUES (1451, 1, '2022-01-18', 136, 39, 0, 0);
INSERT INTO `ebook_snapshot` VALUES (1452, 2, '2022-01-18', 136, 64, 0, 0);
INSERT INTO `ebook_snapshot` VALUES (1453, 3, '2022-01-18', 0, 0, 0, 0);
INSERT INTO `ebook_snapshot` VALUES (1454, 4, '2022-01-18', 0, 0, 0, 0);
INSERT INTO `ebook_snapshot` VALUES (1455, 5, '2022-01-18', 0, 0, 0, 0);
INSERT INTO `ebook_snapshot` VALUES (1456, 102661370209767424, '2022-01-18', 0, 0, 0, 0);
INSERT INTO `ebook_snapshot` VALUES (1457, 102772580095758336, '2022-01-18', 0, 0, 0, 0);
INSERT INTO `ebook_snapshot` VALUES (1458, 105552163899576320, '2022-01-18', 0, 0, 0, 0);
INSERT INTO `ebook_snapshot` VALUES (1466, 1, '2022-01-19', 136, 39, 0, 0);
INSERT INTO `ebook_snapshot` VALUES (1467, 2, '2022-01-19', 136, 64, 0, 0);
INSERT INTO `ebook_snapshot` VALUES (1468, 3, '2022-01-19', 0, 0, 0, 0);
INSERT INTO `ebook_snapshot` VALUES (1469, 4, '2022-01-19', 0, 0, 0, 0);
INSERT INTO `ebook_snapshot` VALUES (1470, 5, '2022-01-19', 0, 0, 0, 0);
INSERT INTO `ebook_snapshot` VALUES (1471, 102661370209767424, '2022-01-19', 0, 0, 0, 0);
INSERT INTO `ebook_snapshot` VALUES (1472, 102772580095758336, '2022-01-19', 0, 0, 0, 0);
INSERT INTO `ebook_snapshot` VALUES (1473, 105552163899576320, '2022-01-19', 0, 0, 0, 0);
INSERT INTO `ebook_snapshot` VALUES (1481, 1, '2022-01-20', 136, 39, 0, 0);
INSERT INTO `ebook_snapshot` VALUES (1482, 2, '2022-01-20', 136, 64, 0, 0);
INSERT INTO `ebook_snapshot` VALUES (1483, 3, '2022-01-20', 0, 0, 0, 0);
INSERT INTO `ebook_snapshot` VALUES (1484, 4, '2022-01-20', 0, 0, 0, 0);
INSERT INTO `ebook_snapshot` VALUES (1485, 5, '2022-01-20', 0, 0, 0, 0);
INSERT INTO `ebook_snapshot` VALUES (1486, 102661370209767424, '2022-01-20', 0, 0, 0, 0);
INSERT INTO `ebook_snapshot` VALUES (1487, 102772580095758336, '2022-01-20', 0, 0, 0, 0);
INSERT INTO `ebook_snapshot` VALUES (1488, 105552163899576320, '2022-01-20', 0, 0, 0, 0);
INSERT INTO `ebook_snapshot` VALUES (1496, 1, '2022-01-21', 136, 39, 0, 0);
INSERT INTO `ebook_snapshot` VALUES (1497, 2, '2022-01-21', 136, 64, 0, 0);
INSERT INTO `ebook_snapshot` VALUES (1498, 3, '2022-01-21', 0, 0, 0, 0);
INSERT INTO `ebook_snapshot` VALUES (1499, 4, '2022-01-21', 0, 0, 0, 0);
INSERT INTO `ebook_snapshot` VALUES (1500, 5, '2022-01-21', 0, 0, 0, 0);
INSERT INTO `ebook_snapshot` VALUES (1501, 102661370209767424, '2022-01-21', 0, 0, 0, 0);
INSERT INTO `ebook_snapshot` VALUES (1502, 102772580095758336, '2022-01-21', 0, 0, 0, 0);
INSERT INTO `ebook_snapshot` VALUES (1503, 105552163899576320, '2022-01-21', 0, 0, 0, 0);
INSERT INTO `ebook_snapshot` VALUES (1511, 1, '2022-01-22', 136, 39, 0, 0);
INSERT INTO `ebook_snapshot` VALUES (1512, 2, '2022-01-22', 136, 64, 0, 0);
INSERT INTO `ebook_snapshot` VALUES (1513, 3, '2022-01-22', 0, 0, 0, 0);
INSERT INTO `ebook_snapshot` VALUES (1514, 4, '2022-01-22', 0, 0, 0, 0);
INSERT INTO `ebook_snapshot` VALUES (1515, 5, '2022-01-22', 0, 0, 0, 0);
INSERT INTO `ebook_snapshot` VALUES (1516, 102661370209767424, '2022-01-22', 0, 0, 0, 0);
INSERT INTO `ebook_snapshot` VALUES (1517, 102772580095758336, '2022-01-22', 0, 0, 0, 0);
INSERT INTO `ebook_snapshot` VALUES (1518, 105552163899576320, '2022-01-22', 0, 0, 0, 0);
INSERT INTO `ebook_snapshot` VALUES (1526, 1, '2022-01-23', 136, 39, 0, 0);
INSERT INTO `ebook_snapshot` VALUES (1527, 2, '2022-01-23', 136, 64, 0, 0);
INSERT INTO `ebook_snapshot` VALUES (1528, 3, '2022-01-23', 0, 0, 0, 0);
INSERT INTO `ebook_snapshot` VALUES (1529, 4, '2022-01-23', 0, 0, 0, 0);
INSERT INTO `ebook_snapshot` VALUES (1530, 5, '2022-01-23', 0, 0, 0, 0);
INSERT INTO `ebook_snapshot` VALUES (1531, 102661370209767424, '2022-01-23', 0, 0, 0, 0);
INSERT INTO `ebook_snapshot` VALUES (1532, 102772580095758336, '2022-01-23', 0, 0, 0, 0);
INSERT INTO `ebook_snapshot` VALUES (1533, 105552163899576320, '2022-01-23', 0, 0, 0, 0);
INSERT INTO `ebook_snapshot` VALUES (1541, 1, '2022-01-24', 136, 39, 0, 0);
INSERT INTO `ebook_snapshot` VALUES (1542, 2, '2022-01-24', 136, 64, 0, 0);
INSERT INTO `ebook_snapshot` VALUES (1543, 3, '2022-01-24', 0, 0, 0, 0);
INSERT INTO `ebook_snapshot` VALUES (1544, 4, '2022-01-24', 0, 0, 0, 0);
INSERT INTO `ebook_snapshot` VALUES (1545, 5, '2022-01-24', 0, 0, 0, 0);
INSERT INTO `ebook_snapshot` VALUES (1546, 102661370209767424, '2022-01-24', 0, 0, 0, 0);
INSERT INTO `ebook_snapshot` VALUES (1547, 102772580095758336, '2022-01-24', 0, 0, 0, 0);
INSERT INTO `ebook_snapshot` VALUES (1548, 105552163899576320, '2022-01-24', 0, 0, 0, 0);
INSERT INTO `ebook_snapshot` VALUES (1556, 1, '2022-01-25', 136, 39, 0, 0);
INSERT INTO `ebook_snapshot` VALUES (1557, 2, '2022-01-25', 136, 64, 0, 0);
INSERT INTO `ebook_snapshot` VALUES (1558, 3, '2022-01-25', 0, 0, 0, 0);
INSERT INTO `ebook_snapshot` VALUES (1559, 4, '2022-01-25', 0, 0, 0, 0);
INSERT INTO `ebook_snapshot` VALUES (1560, 5, '2022-01-25', 0, 0, 0, 0);
INSERT INTO `ebook_snapshot` VALUES (1561, 102661370209767424, '2022-01-25', 0, 0, 0, 0);
INSERT INTO `ebook_snapshot` VALUES (1562, 102772580095758336, '2022-01-25', 0, 0, 0, 0);
INSERT INTO `ebook_snapshot` VALUES (1563, 105552163899576320, '2022-01-25', 0, 0, 0, 0);
INSERT INTO `ebook_snapshot` VALUES (1564, 1, '2022-01-26', 136, 39, 0, 0);
INSERT INTO `ebook_snapshot` VALUES (1565, 2, '2022-01-26', 136, 64, 0, 0);
INSERT INTO `ebook_snapshot` VALUES (1566, 3, '2022-01-26', 0, 0, 0, 0);
INSERT INTO `ebook_snapshot` VALUES (1567, 4, '2022-01-26', 0, 0, 0, 0);
INSERT INTO `ebook_snapshot` VALUES (1568, 5, '2022-01-26', 0, 0, 0, 0);
INSERT INTO `ebook_snapshot` VALUES (1569, 102661370209767424, '2022-01-26', 0, 0, 0, 0);
INSERT INTO `ebook_snapshot` VALUES (1570, 102772580095758336, '2022-01-26', 0, 0, 0, 0);
INSERT INTO `ebook_snapshot` VALUES (1571, 105552163899576320, '2022-01-26', 0, 0, 0, 0);
INSERT INTO `ebook_snapshot` VALUES (1579, 1, '2022-01-27', 136, 39, 0, 0);
INSERT INTO `ebook_snapshot` VALUES (1580, 2, '2022-01-27', 136, 64, 0, 0);
INSERT INTO `ebook_snapshot` VALUES (1581, 3, '2022-01-27', 0, 0, 0, 0);
INSERT INTO `ebook_snapshot` VALUES (1582, 4, '2022-01-27', 0, 0, 0, 0);
INSERT INTO `ebook_snapshot` VALUES (1583, 5, '2022-01-27', 0, 0, 0, 0);
INSERT INTO `ebook_snapshot` VALUES (1584, 102661370209767424, '2022-01-27', 0, 0, 0, 0);
INSERT INTO `ebook_snapshot` VALUES (1585, 102772580095758336, '2022-01-27', 0, 0, 0, 0);
INSERT INTO `ebook_snapshot` VALUES (1586, 105552163899576320, '2022-01-27', 0, 0, 0, 0);
INSERT INTO `ebook_snapshot` VALUES (1594, 1, '2022-01-28', 136, 39, 0, 0);
INSERT INTO `ebook_snapshot` VALUES (1595, 2, '2022-01-28', 136, 64, 0, 0);
INSERT INTO `ebook_snapshot` VALUES (1596, 3, '2022-01-28', 0, 0, 0, 0);
INSERT INTO `ebook_snapshot` VALUES (1597, 4, '2022-01-28', 0, 0, 0, 0);
INSERT INTO `ebook_snapshot` VALUES (1598, 5, '2022-01-28', 0, 0, 0, 0);
INSERT INTO `ebook_snapshot` VALUES (1599, 102661370209767424, '2022-01-28', 0, 0, 0, 0);
INSERT INTO `ebook_snapshot` VALUES (1600, 102772580095758336, '2022-01-28', 0, 0, 0, 0);
INSERT INTO `ebook_snapshot` VALUES (1601, 105552163899576320, '2022-01-28', 0, 0, 0, 0);
INSERT INTO `ebook_snapshot` VALUES (1609, 1, '2022-01-29', 136, 39, 0, 0);
INSERT INTO `ebook_snapshot` VALUES (1610, 2, '2022-01-29', 136, 64, 0, 0);
INSERT INTO `ebook_snapshot` VALUES (1611, 3, '2022-01-29', 0, 0, 0, 0);
INSERT INTO `ebook_snapshot` VALUES (1612, 4, '2022-01-29', 0, 0, 0, 0);
INSERT INTO `ebook_snapshot` VALUES (1613, 5, '2022-01-29', 0, 0, 0, 0);
INSERT INTO `ebook_snapshot` VALUES (1614, 102661370209767424, '2022-01-29', 0, 0, 0, 0);
INSERT INTO `ebook_snapshot` VALUES (1615, 102772580095758336, '2022-01-29', 0, 0, 0, 0);
INSERT INTO `ebook_snapshot` VALUES (1616, 105552163899576320, '2022-01-29', 0, 0, 0, 0);
INSERT INTO `ebook_snapshot` VALUES (1624, 1, '2022-01-30', 136, 39, 0, 0);
INSERT INTO `ebook_snapshot` VALUES (1625, 2, '2022-01-30', 136, 64, 0, 0);
INSERT INTO `ebook_snapshot` VALUES (1626, 3, '2022-01-30', 0, 0, 0, 0);
INSERT INTO `ebook_snapshot` VALUES (1627, 4, '2022-01-30', 0, 0, 0, 0);
INSERT INTO `ebook_snapshot` VALUES (1628, 5, '2022-01-30', 0, 0, 0, 0);
INSERT INTO `ebook_snapshot` VALUES (1629, 102661370209767424, '2022-01-30', 0, 0, 0, 0);
INSERT INTO `ebook_snapshot` VALUES (1630, 102772580095758336, '2022-01-30', 0, 0, 0, 0);
INSERT INTO `ebook_snapshot` VALUES (1631, 105552163899576320, '2022-01-30', 0, 0, 0, 0);
INSERT INTO `ebook_snapshot` VALUES (1639, 1, '2022-01-31', 136, 39, 0, 0);
INSERT INTO `ebook_snapshot` VALUES (1640, 2, '2022-01-31', 136, 64, 0, 0);
INSERT INTO `ebook_snapshot` VALUES (1641, 3, '2022-01-31', 0, 0, 0, 0);
INSERT INTO `ebook_snapshot` VALUES (1642, 4, '2022-01-31', 0, 0, 0, 0);
INSERT INTO `ebook_snapshot` VALUES (1643, 5, '2022-01-31', 0, 0, 0, 0);
INSERT INTO `ebook_snapshot` VALUES (1644, 102661370209767424, '2022-01-31', 0, 0, 0, 0);
INSERT INTO `ebook_snapshot` VALUES (1645, 102772580095758336, '2022-01-31', 0, 0, 0, 0);
INSERT INTO `ebook_snapshot` VALUES (1646, 105552163899576320, '2022-01-31', 0, 0, 0, 0);
INSERT INTO `ebook_snapshot` VALUES (1654, 1, '2022-02-01', 136, 39, 0, 0);
INSERT INTO `ebook_snapshot` VALUES (1655, 2, '2022-02-01', 136, 64, 0, 0);
INSERT INTO `ebook_snapshot` VALUES (1656, 3, '2022-02-01', 0, 0, 0, 0);
INSERT INTO `ebook_snapshot` VALUES (1657, 4, '2022-02-01', 0, 0, 0, 0);
INSERT INTO `ebook_snapshot` VALUES (1658, 5, '2022-02-01', 0, 0, 0, 0);
INSERT INTO `ebook_snapshot` VALUES (1659, 102661370209767424, '2022-02-01', 0, 0, 0, 0);
INSERT INTO `ebook_snapshot` VALUES (1660, 102772580095758336, '2022-02-01', 0, 0, 0, 0);
INSERT INTO `ebook_snapshot` VALUES (1661, 105552163899576320, '2022-02-01', 0, 0, 0, 0);
INSERT INTO `ebook_snapshot` VALUES (1669, 1, '2022-02-02', 136, 39, 0, 0);
INSERT INTO `ebook_snapshot` VALUES (1670, 2, '2022-02-02', 136, 64, 0, 0);
INSERT INTO `ebook_snapshot` VALUES (1671, 3, '2022-02-02', 0, 0, 0, 0);
INSERT INTO `ebook_snapshot` VALUES (1672, 4, '2022-02-02', 0, 0, 0, 0);
INSERT INTO `ebook_snapshot` VALUES (1673, 5, '2022-02-02', 0, 0, 0, 0);
INSERT INTO `ebook_snapshot` VALUES (1674, 102661370209767424, '2022-02-02', 0, 0, 0, 0);
INSERT INTO `ebook_snapshot` VALUES (1675, 102772580095758336, '2022-02-02', 0, 0, 0, 0);
INSERT INTO `ebook_snapshot` VALUES (1676, 105552163899576320, '2022-02-02', 0, 0, 0, 0);
INSERT INTO `ebook_snapshot` VALUES (1684, 1, '2022-02-03', 136, 39, 0, 0);
INSERT INTO `ebook_snapshot` VALUES (1685, 2, '2022-02-03', 136, 64, 0, 0);
INSERT INTO `ebook_snapshot` VALUES (1686, 3, '2022-02-03', 0, 0, 0, 0);
INSERT INTO `ebook_snapshot` VALUES (1687, 4, '2022-02-03', 0, 0, 0, 0);
INSERT INTO `ebook_snapshot` VALUES (1688, 5, '2022-02-03', 0, 0, 0, 0);
INSERT INTO `ebook_snapshot` VALUES (1689, 102661370209767424, '2022-02-03', 0, 0, 0, 0);
INSERT INTO `ebook_snapshot` VALUES (1690, 102772580095758336, '2022-02-03', 0, 0, 0, 0);
INSERT INTO `ebook_snapshot` VALUES (1691, 105552163899576320, '2022-02-03', 0, 0, 0, 0);
INSERT INTO `ebook_snapshot` VALUES (1699, 1, '2022-02-04', 136, 39, 0, 0);
INSERT INTO `ebook_snapshot` VALUES (1700, 2, '2022-02-04', 136, 64, 0, 0);
INSERT INTO `ebook_snapshot` VALUES (1701, 3, '2022-02-04', 0, 0, 0, 0);
INSERT INTO `ebook_snapshot` VALUES (1702, 4, '2022-02-04', 0, 0, 0, 0);
INSERT INTO `ebook_snapshot` VALUES (1703, 5, '2022-02-04', 0, 0, 0, 0);
INSERT INTO `ebook_snapshot` VALUES (1704, 102661370209767424, '2022-02-04', 0, 0, 0, 0);
INSERT INTO `ebook_snapshot` VALUES (1705, 102772580095758336, '2022-02-04', 0, 0, 0, 0);
INSERT INTO `ebook_snapshot` VALUES (1706, 105552163899576320, '2022-02-04', 0, 0, 0, 0);
INSERT INTO `ebook_snapshot` VALUES (1714, 1, '2022-02-05', 136, 39, 0, 0);
INSERT INTO `ebook_snapshot` VALUES (1715, 2, '2022-02-05', 136, 64, 0, 0);
INSERT INTO `ebook_snapshot` VALUES (1716, 3, '2022-02-05', 0, 0, 0, 0);
INSERT INTO `ebook_snapshot` VALUES (1717, 4, '2022-02-05', 0, 0, 0, 0);
INSERT INTO `ebook_snapshot` VALUES (1718, 5, '2022-02-05', 0, 0, 0, 0);
INSERT INTO `ebook_snapshot` VALUES (1719, 102661370209767424, '2022-02-05', 0, 0, 0, 0);
INSERT INTO `ebook_snapshot` VALUES (1720, 102772580095758336, '2022-02-05', 0, 0, 0, 0);
INSERT INTO `ebook_snapshot` VALUES (1721, 105552163899576320, '2022-02-05', 0, 0, 0, 0);
INSERT INTO `ebook_snapshot` VALUES (1729, 1, '2022-02-06', 136, 39, 0, 0);
INSERT INTO `ebook_snapshot` VALUES (1730, 2, '2022-02-06', 136, 64, 0, 0);
INSERT INTO `ebook_snapshot` VALUES (1731, 3, '2022-02-06', 0, 0, 0, 0);
INSERT INTO `ebook_snapshot` VALUES (1732, 4, '2022-02-06', 0, 0, 0, 0);
INSERT INTO `ebook_snapshot` VALUES (1733, 5, '2022-02-06', 0, 0, 0, 0);
INSERT INTO `ebook_snapshot` VALUES (1734, 102661370209767424, '2022-02-06', 0, 0, 0, 0);
INSERT INTO `ebook_snapshot` VALUES (1735, 102772580095758336, '2022-02-06', 0, 0, 0, 0);
INSERT INTO `ebook_snapshot` VALUES (1736, 105552163899576320, '2022-02-06', 0, 0, 0, 0);
INSERT INTO `ebook_snapshot` VALUES (1744, 1, '2022-02-07', 136, 39, 0, 0);
INSERT INTO `ebook_snapshot` VALUES (1745, 2, '2022-02-07', 136, 64, 0, 0);
INSERT INTO `ebook_snapshot` VALUES (1746, 3, '2022-02-07', 0, 0, 0, 0);
INSERT INTO `ebook_snapshot` VALUES (1747, 4, '2022-02-07', 0, 0, 0, 0);
INSERT INTO `ebook_snapshot` VALUES (1748, 5, '2022-02-07', 0, 0, 0, 0);
INSERT INTO `ebook_snapshot` VALUES (1749, 102661370209767424, '2022-02-07', 0, 0, 0, 0);
INSERT INTO `ebook_snapshot` VALUES (1750, 102772580095758336, '2022-02-07', 0, 0, 0, 0);
INSERT INTO `ebook_snapshot` VALUES (1751, 105552163899576320, '2022-02-07', 0, 0, 0, 0);
INSERT INTO `ebook_snapshot` VALUES (1759, 1, '2022-02-08', 136, 39, 0, 0);
INSERT INTO `ebook_snapshot` VALUES (1760, 2, '2022-02-08', 136, 64, 0, 0);
INSERT INTO `ebook_snapshot` VALUES (1761, 3, '2022-02-08', 0, 0, 0, 0);
INSERT INTO `ebook_snapshot` VALUES (1762, 4, '2022-02-08', 0, 0, 0, 0);
INSERT INTO `ebook_snapshot` VALUES (1763, 5, '2022-02-08', 0, 0, 0, 0);
INSERT INTO `ebook_snapshot` VALUES (1764, 102661370209767424, '2022-02-08', 0, 0, 0, 0);
INSERT INTO `ebook_snapshot` VALUES (1765, 102772580095758336, '2022-02-08', 0, 0, 0, 0);
INSERT INTO `ebook_snapshot` VALUES (1766, 105552163899576320, '2022-02-08', 0, 0, 0, 0);
INSERT INTO `ebook_snapshot` VALUES (1774, 1, '2022-02-09', 136, 39, 0, 0);
INSERT INTO `ebook_snapshot` VALUES (1775, 2, '2022-02-09', 136, 64, 0, 0);
INSERT INTO `ebook_snapshot` VALUES (1776, 3, '2022-02-09', 0, 0, 0, 0);
INSERT INTO `ebook_snapshot` VALUES (1777, 4, '2022-02-09', 0, 0, 0, 0);
INSERT INTO `ebook_snapshot` VALUES (1778, 5, '2022-02-09', 0, 0, 0, 0);
INSERT INTO `ebook_snapshot` VALUES (1779, 102661370209767424, '2022-02-09', 0, 0, 0, 0);
INSERT INTO `ebook_snapshot` VALUES (1780, 102772580095758336, '2022-02-09', 0, 0, 0, 0);
INSERT INTO `ebook_snapshot` VALUES (1781, 105552163899576320, '2022-02-09', 0, 0, 0, 0);
INSERT INTO `ebook_snapshot` VALUES (1789, 1, '2022-02-10', 136, 39, 0, 0);
INSERT INTO `ebook_snapshot` VALUES (1790, 2, '2022-02-10', 136, 64, 0, 0);
INSERT INTO `ebook_snapshot` VALUES (1791, 3, '2022-02-10', 0, 0, 0, 0);
INSERT INTO `ebook_snapshot` VALUES (1792, 4, '2022-02-10', 0, 0, 0, 0);
INSERT INTO `ebook_snapshot` VALUES (1793, 5, '2022-02-10', 0, 0, 0, 0);
INSERT INTO `ebook_snapshot` VALUES (1794, 102661370209767424, '2022-02-10', 0, 0, 0, 0);
INSERT INTO `ebook_snapshot` VALUES (1795, 102772580095758336, '2022-02-10', 0, 0, 0, 0);
INSERT INTO `ebook_snapshot` VALUES (1796, 105552163899576320, '2022-02-10', 0, 0, 0, 0);
INSERT INTO `ebook_snapshot` VALUES (1804, 1, '2022-02-11', 136, 39, 0, 0);
INSERT INTO `ebook_snapshot` VALUES (1805, 2, '2022-02-11', 136, 64, 0, 0);
INSERT INTO `ebook_snapshot` VALUES (1806, 3, '2022-02-11', 0, 0, 0, 0);
INSERT INTO `ebook_snapshot` VALUES (1807, 4, '2022-02-11', 0, 0, 0, 0);
INSERT INTO `ebook_snapshot` VALUES (1808, 5, '2022-02-11', 0, 0, 0, 0);
INSERT INTO `ebook_snapshot` VALUES (1809, 102661370209767424, '2022-02-11', 0, 0, 0, 0);
INSERT INTO `ebook_snapshot` VALUES (1810, 102772580095758336, '2022-02-11', 0, 0, 0, 0);
INSERT INTO `ebook_snapshot` VALUES (1811, 105552163899576320, '2022-02-11', 0, 0, 0, 0);
INSERT INTO `ebook_snapshot` VALUES (1819, 1, '2022-02-12', 136, 39, 0, 0);
INSERT INTO `ebook_snapshot` VALUES (1820, 2, '2022-02-12', 136, 64, 0, 0);
INSERT INTO `ebook_snapshot` VALUES (1821, 3, '2022-02-12', 0, 0, 0, 0);
INSERT INTO `ebook_snapshot` VALUES (1822, 4, '2022-02-12', 0, 0, 0, 0);
INSERT INTO `ebook_snapshot` VALUES (1823, 5, '2022-02-12', 0, 0, 0, 0);
INSERT INTO `ebook_snapshot` VALUES (1824, 102661370209767424, '2022-02-12', 0, 0, 0, 0);
INSERT INTO `ebook_snapshot` VALUES (1825, 102772580095758336, '2022-02-12', 0, 0, 0, 0);
INSERT INTO `ebook_snapshot` VALUES (1826, 105552163899576320, '2022-02-12', 0, 0, 0, 0);
INSERT INTO `ebook_snapshot` VALUES (1834, 1, '2022-02-13', 136, 39, 0, 0);
INSERT INTO `ebook_snapshot` VALUES (1835, 2, '2022-02-13', 136, 64, 0, 0);
INSERT INTO `ebook_snapshot` VALUES (1836, 3, '2022-02-13', 0, 0, 0, 0);
INSERT INTO `ebook_snapshot` VALUES (1837, 4, '2022-02-13', 0, 0, 0, 0);
INSERT INTO `ebook_snapshot` VALUES (1838, 5, '2022-02-13', 0, 0, 0, 0);
INSERT INTO `ebook_snapshot` VALUES (1839, 102661370209767424, '2022-02-13', 0, 0, 0, 0);
INSERT INTO `ebook_snapshot` VALUES (1840, 102772580095758336, '2022-02-13', 0, 0, 0, 0);
INSERT INTO `ebook_snapshot` VALUES (1841, 105552163899576320, '2022-02-13', 0, 0, 0, 0);
INSERT INTO `ebook_snapshot` VALUES (1849, 1, '2022-02-14', 136, 39, 0, 0);
INSERT INTO `ebook_snapshot` VALUES (1850, 2, '2022-02-14', 138, 66, 2, 2);
INSERT INTO `ebook_snapshot` VALUES (1851, 3, '2022-02-14', 0, 0, 0, 0);
INSERT INTO `ebook_snapshot` VALUES (1852, 4, '2022-02-14', 0, 0, 0, 0);
INSERT INTO `ebook_snapshot` VALUES (1853, 5, '2022-02-14', 0, 0, 0, 0);
INSERT INTO `ebook_snapshot` VALUES (1854, 102661370209767424, '2022-02-14', 0, 0, 0, 0);
INSERT INTO `ebook_snapshot` VALUES (1855, 102772580095758336, '2022-02-14', 0, 0, 0, 0);
INSERT INTO `ebook_snapshot` VALUES (1856, 105552163899576320, '2022-02-14', 0, 0, 0, 0);
INSERT INTO `ebook_snapshot` VALUES (1864, 1, '2022-02-15', 136, 39, 0, 0);
INSERT INTO `ebook_snapshot` VALUES (1865, 2, '2022-02-15', 138, 66, 0, 0);
INSERT INTO `ebook_snapshot` VALUES (1866, 3, '2022-02-15', 0, 0, 0, 0);
INSERT INTO `ebook_snapshot` VALUES (1867, 4, '2022-02-15', 0, 0, 0, 0);
INSERT INTO `ebook_snapshot` VALUES (1868, 5, '2022-02-15', 0, 0, 0, 0);
INSERT INTO `ebook_snapshot` VALUES (1869, 102661370209767424, '2022-02-15', 0, 0, 0, 0);
INSERT INTO `ebook_snapshot` VALUES (1870, 102772580095758336, '2022-02-15', 0, 0, 0, 0);
INSERT INTO `ebook_snapshot` VALUES (1871, 105552163899576320, '2022-02-15', 0, 0, 0, 0);
INSERT INTO `ebook_snapshot` VALUES (1879, 1, '2022-02-16', 136, 39, 0, 0);
INSERT INTO `ebook_snapshot` VALUES (1880, 2, '2022-02-16', 138, 66, 0, 0);
INSERT INTO `ebook_snapshot` VALUES (1881, 3, '2022-02-16', 0, 0, 0, 0);
INSERT INTO `ebook_snapshot` VALUES (1882, 4, '2022-02-16', 0, 0, 0, 0);
INSERT INTO `ebook_snapshot` VALUES (1883, 5, '2022-02-16', 0, 0, 0, 0);
INSERT INTO `ebook_snapshot` VALUES (1884, 102661370209767424, '2022-02-16', 0, 0, 0, 0);
INSERT INTO `ebook_snapshot` VALUES (1885, 102772580095758336, '2022-02-16', 0, 0, 0, 0);
INSERT INTO `ebook_snapshot` VALUES (1886, 105552163899576320, '2022-02-16', 0, 0, 0, 0);
INSERT INTO `ebook_snapshot` VALUES (1894, 1, '2022-02-17', 136, 39, 0, 0);
INSERT INTO `ebook_snapshot` VALUES (1895, 2, '2022-02-17', 138, 66, 0, 0);
INSERT INTO `ebook_snapshot` VALUES (1896, 3, '2022-02-17', 0, 0, 0, 0);
INSERT INTO `ebook_snapshot` VALUES (1897, 4, '2022-02-17', 0, 0, 0, 0);
INSERT INTO `ebook_snapshot` VALUES (1898, 5, '2022-02-17', 0, 0, 0, 0);
INSERT INTO `ebook_snapshot` VALUES (1899, 102661370209767424, '2022-02-17', 0, 0, 0, 0);
INSERT INTO `ebook_snapshot` VALUES (1900, 102772580095758336, '2022-02-17', 0, 0, 0, 0);
INSERT INTO `ebook_snapshot` VALUES (1901, 105552163899576320, '2022-02-17', 0, 0, 0, 0);
INSERT INTO `ebook_snapshot` VALUES (1909, 1, '2022-02-18', 136, 39, 0, 0);
INSERT INTO `ebook_snapshot` VALUES (1910, 2, '2022-02-18', 138, 66, 0, 0);
INSERT INTO `ebook_snapshot` VALUES (1911, 3, '2022-02-18', 0, 0, 0, 0);
INSERT INTO `ebook_snapshot` VALUES (1912, 4, '2022-02-18', 0, 0, 0, 0);
INSERT INTO `ebook_snapshot` VALUES (1913, 5, '2022-02-18', 0, 0, 0, 0);
INSERT INTO `ebook_snapshot` VALUES (1914, 102661370209767424, '2022-02-18', 0, 0, 0, 0);
INSERT INTO `ebook_snapshot` VALUES (1915, 102772580095758336, '2022-02-18', 0, 0, 0, 0);
INSERT INTO `ebook_snapshot` VALUES (1916, 105552163899576320, '2022-02-18', 0, 0, 0, 0);
INSERT INTO `ebook_snapshot` VALUES (1924, 1, '2022-02-19', 136, 39, 0, 0);
INSERT INTO `ebook_snapshot` VALUES (1925, 2, '2022-02-19', 138, 66, 0, 0);
INSERT INTO `ebook_snapshot` VALUES (1926, 3, '2022-02-19', 0, 0, 0, 0);
INSERT INTO `ebook_snapshot` VALUES (1927, 4, '2022-02-19', 0, 0, 0, 0);
INSERT INTO `ebook_snapshot` VALUES (1928, 5, '2022-02-19', 0, 0, 0, 0);
INSERT INTO `ebook_snapshot` VALUES (1929, 102661370209767424, '2022-02-19', 0, 0, 0, 0);
INSERT INTO `ebook_snapshot` VALUES (1930, 102772580095758336, '2022-02-19', 0, 0, 0, 0);
INSERT INTO `ebook_snapshot` VALUES (1931, 105552163899576320, '2022-02-19', 0, 0, 0, 0);
INSERT INTO `ebook_snapshot` VALUES (1939, 1, '2022-02-20', 136, 39, 0, 0);
INSERT INTO `ebook_snapshot` VALUES (1940, 2, '2022-02-20', 138, 66, 0, 0);
INSERT INTO `ebook_snapshot` VALUES (1941, 3, '2022-02-20', 0, 0, 0, 0);
INSERT INTO `ebook_snapshot` VALUES (1942, 4, '2022-02-20', 0, 0, 0, 0);
INSERT INTO `ebook_snapshot` VALUES (1943, 5, '2022-02-20', 0, 0, 0, 0);
INSERT INTO `ebook_snapshot` VALUES (1944, 102661370209767424, '2022-02-20', 0, 0, 0, 0);
INSERT INTO `ebook_snapshot` VALUES (1945, 102772580095758336, '2022-02-20', 0, 0, 0, 0);
INSERT INTO `ebook_snapshot` VALUES (1946, 105552163899576320, '2022-02-20', 0, 0, 0, 0);
INSERT INTO `ebook_snapshot` VALUES (1954, 1, '2022-02-21', 136, 39, 0, 0);
INSERT INTO `ebook_snapshot` VALUES (1955, 2, '2022-02-21', 138, 66, 0, 0);
INSERT INTO `ebook_snapshot` VALUES (1956, 3, '2022-02-21', 0, 0, 0, 0);
INSERT INTO `ebook_snapshot` VALUES (1957, 4, '2022-02-21', 0, 0, 0, 0);
INSERT INTO `ebook_snapshot` VALUES (1958, 5, '2022-02-21', 0, 0, 0, 0);
INSERT INTO `ebook_snapshot` VALUES (1959, 102661370209767424, '2022-02-21', 0, 0, 0, 0);
INSERT INTO `ebook_snapshot` VALUES (1960, 102772580095758336, '2022-02-21', 0, 0, 0, 0);
INSERT INTO `ebook_snapshot` VALUES (1961, 105552163899576320, '2022-02-21', 0, 0, 0, 0);
INSERT INTO `ebook_snapshot` VALUES (1969, 1, '2022-02-22', 136, 39, 0, 0);
INSERT INTO `ebook_snapshot` VALUES (1970, 2, '2022-02-22', 138, 66, 0, 0);
INSERT INTO `ebook_snapshot` VALUES (1971, 3, '2022-02-22', 0, 0, 0, 0);
INSERT INTO `ebook_snapshot` VALUES (1972, 4, '2022-02-22', 0, 0, 0, 0);
INSERT INTO `ebook_snapshot` VALUES (1973, 5, '2022-02-22', 0, 0, 0, 0);
INSERT INTO `ebook_snapshot` VALUES (1974, 102661370209767424, '2022-02-22', 0, 0, 0, 0);
INSERT INTO `ebook_snapshot` VALUES (1975, 102772580095758336, '2022-02-22', 0, 0, 0, 0);
INSERT INTO `ebook_snapshot` VALUES (1976, 105552163899576320, '2022-02-22', 0, 0, 0, 0);
INSERT INTO `ebook_snapshot` VALUES (1984, 1, '2022-02-23', 136, 39, 0, 0);
INSERT INTO `ebook_snapshot` VALUES (1985, 2, '2022-02-23', 138, 66, 0, 0);
INSERT INTO `ebook_snapshot` VALUES (1986, 3, '2022-02-23', 0, 0, 0, 0);
INSERT INTO `ebook_snapshot` VALUES (1987, 4, '2022-02-23', 0, 0, 0, 0);
INSERT INTO `ebook_snapshot` VALUES (1988, 5, '2022-02-23', 0, 0, 0, 0);
INSERT INTO `ebook_snapshot` VALUES (1989, 102661370209767424, '2022-02-23', 0, 0, 0, 0);
INSERT INTO `ebook_snapshot` VALUES (1990, 102772580095758336, '2022-02-23', 0, 0, 0, 0);
INSERT INTO `ebook_snapshot` VALUES (1991, 105552163899576320, '2022-02-23', 0, 0, 0, 0);
INSERT INTO `ebook_snapshot` VALUES (1999, 1, '2022-02-24', 136, 39, 0, 0);
INSERT INTO `ebook_snapshot` VALUES (2000, 2, '2022-02-24', 138, 66, 0, 0);
INSERT INTO `ebook_snapshot` VALUES (2001, 3, '2022-02-24', 0, 0, 0, 0);
INSERT INTO `ebook_snapshot` VALUES (2002, 4, '2022-02-24', 0, 0, 0, 0);
INSERT INTO `ebook_snapshot` VALUES (2003, 5, '2022-02-24', 0, 0, 0, 0);
INSERT INTO `ebook_snapshot` VALUES (2004, 102661370209767424, '2022-02-24', 0, 0, 0, 0);
INSERT INTO `ebook_snapshot` VALUES (2005, 102772580095758336, '2022-02-24', 0, 0, 0, 0);
INSERT INTO `ebook_snapshot` VALUES (2006, 105552163899576320, '2022-02-24', 0, 0, 0, 0);
INSERT INTO `ebook_snapshot` VALUES (2014, 1, '2022-02-25', 136, 39, 0, 0);
INSERT INTO `ebook_snapshot` VALUES (2015, 2, '2022-02-25', 138, 66, 0, 0);
INSERT INTO `ebook_snapshot` VALUES (2016, 3, '2022-02-25', 0, 0, 0, 0);
INSERT INTO `ebook_snapshot` VALUES (2017, 4, '2022-02-25', 0, 0, 0, 0);
INSERT INTO `ebook_snapshot` VALUES (2018, 5, '2022-02-25', 0, 0, 0, 0);
INSERT INTO `ebook_snapshot` VALUES (2019, 102661370209767424, '2022-02-25', 0, 0, 0, 0);
INSERT INTO `ebook_snapshot` VALUES (2020, 102772580095758336, '2022-02-25', 0, 0, 0, 0);
INSERT INTO `ebook_snapshot` VALUES (2021, 105552163899576320, '2022-02-25', 0, 0, 0, 0);
INSERT INTO `ebook_snapshot` VALUES (2029, 1, '2022-02-26', 136, 39, 0, 0);
INSERT INTO `ebook_snapshot` VALUES (2030, 2, '2022-02-26', 138, 66, 0, 0);
INSERT INTO `ebook_snapshot` VALUES (2031, 3, '2022-02-26', 0, 0, 0, 0);
INSERT INTO `ebook_snapshot` VALUES (2032, 4, '2022-02-26', 0, 0, 0, 0);
INSERT INTO `ebook_snapshot` VALUES (2033, 5, '2022-02-26', 0, 0, 0, 0);
INSERT INTO `ebook_snapshot` VALUES (2034, 102661370209767424, '2022-02-26', 0, 0, 0, 0);
INSERT INTO `ebook_snapshot` VALUES (2035, 102772580095758336, '2022-02-26', 0, 0, 0, 0);
INSERT INTO `ebook_snapshot` VALUES (2036, 105552163899576320, '2022-02-26', 0, 0, 0, 0);
INSERT INTO `ebook_snapshot` VALUES (2044, 1, '2022-02-27', 136, 39, 0, 0);
INSERT INTO `ebook_snapshot` VALUES (2045, 2, '2022-02-27', 138, 66, 0, 0);
INSERT INTO `ebook_snapshot` VALUES (2046, 3, '2022-02-27', 0, 0, 0, 0);
INSERT INTO `ebook_snapshot` VALUES (2047, 4, '2022-02-27', 0, 0, 0, 0);
INSERT INTO `ebook_snapshot` VALUES (2048, 5, '2022-02-27', 0, 0, 0, 0);
INSERT INTO `ebook_snapshot` VALUES (2049, 102661370209767424, '2022-02-27', 0, 0, 0, 0);
INSERT INTO `ebook_snapshot` VALUES (2050, 102772580095758336, '2022-02-27', 0, 0, 0, 0);
INSERT INTO `ebook_snapshot` VALUES (2051, 105552163899576320, '2022-02-27', 0, 0, 0, 0);
INSERT INTO `ebook_snapshot` VALUES (2059, 1, '2022-02-28', 136, 39, 0, 0);
INSERT INTO `ebook_snapshot` VALUES (2060, 2, '2022-02-28', 138, 66, 0, 0);
INSERT INTO `ebook_snapshot` VALUES (2061, 3, '2022-02-28', 0, 0, 0, 0);
INSERT INTO `ebook_snapshot` VALUES (2062, 4, '2022-02-28', 0, 0, 0, 0);
INSERT INTO `ebook_snapshot` VALUES (2063, 5, '2022-02-28', 0, 0, 0, 0);
INSERT INTO `ebook_snapshot` VALUES (2064, 102661370209767424, '2022-02-28', 0, 0, 0, 0);
INSERT INTO `ebook_snapshot` VALUES (2065, 102772580095758336, '2022-02-28', 0, 0, 0, 0);
INSERT INTO `ebook_snapshot` VALUES (2066, 105552163899576320, '2022-02-28', 0, 0, 0, 0);
INSERT INTO `ebook_snapshot` VALUES (2074, 1, '2022-03-01', 136, 39, 0, 0);
INSERT INTO `ebook_snapshot` VALUES (2075, 2, '2022-03-01', 138, 66, 0, 0);
INSERT INTO `ebook_snapshot` VALUES (2076, 3, '2022-03-01', 0, 0, 0, 0);
INSERT INTO `ebook_snapshot` VALUES (2077, 4, '2022-03-01', 0, 0, 0, 0);
INSERT INTO `ebook_snapshot` VALUES (2078, 5, '2022-03-01', 0, 0, 0, 0);
INSERT INTO `ebook_snapshot` VALUES (2079, 102661370209767424, '2022-03-01', 0, 0, 0, 0);
INSERT INTO `ebook_snapshot` VALUES (2080, 102772580095758336, '2022-03-01', 0, 0, 0, 0);
INSERT INTO `ebook_snapshot` VALUES (2081, 105552163899576320, '2022-03-01', 0, 0, 0, 0);
INSERT INTO `ebook_snapshot` VALUES (2089, 1, '2022-03-02', 138, 39, 2, 0);
INSERT INTO `ebook_snapshot` VALUES (2090, 2, '2022-03-02', 138, 66, 0, 0);
INSERT INTO `ebook_snapshot` VALUES (2091, 3, '2022-03-02', 0, 0, 0, 0);
INSERT INTO `ebook_snapshot` VALUES (2092, 4, '2022-03-02', 0, 0, 0, 0);
INSERT INTO `ebook_snapshot` VALUES (2093, 5, '2022-03-02', 0, 0, 0, 0);
INSERT INTO `ebook_snapshot` VALUES (2094, 102661370209767424, '2022-03-02', 0, 0, 0, 0);
INSERT INTO `ebook_snapshot` VALUES (2095, 102772580095758336, '2022-03-02', 0, 0, 0, 0);
INSERT INTO `ebook_snapshot` VALUES (2096, 105552163899576320, '2022-03-02', 0, 0, 0, 0);
INSERT INTO `ebook_snapshot` VALUES (2104, 1, '2022-03-03', 138, 39, 0, 0);
INSERT INTO `ebook_snapshot` VALUES (2105, 2, '2022-03-03', 138, 66, 0, 0);
INSERT INTO `ebook_snapshot` VALUES (2106, 3, '2022-03-03', 0, 0, 0, 0);
INSERT INTO `ebook_snapshot` VALUES (2107, 4, '2022-03-03', 0, 0, 0, 0);
INSERT INTO `ebook_snapshot` VALUES (2108, 5, '2022-03-03', 0, 0, 0, 0);
INSERT INTO `ebook_snapshot` VALUES (2109, 102661370209767424, '2022-03-03', 0, 0, 0, 0);
INSERT INTO `ebook_snapshot` VALUES (2110, 102772580095758336, '2022-03-03', 0, 0, 0, 0);
INSERT INTO `ebook_snapshot` VALUES (2111, 105552163899576320, '2022-03-03', 0, 0, 0, 0);
INSERT INTO `ebook_snapshot` VALUES (2119, 1, '2022-03-04', 138, 39, 0, 0);
INSERT INTO `ebook_snapshot` VALUES (2120, 2, '2022-03-04', 140, 68, 2, 2);
INSERT INTO `ebook_snapshot` VALUES (2121, 3, '2022-03-04', 0, 0, 0, 0);
INSERT INTO `ebook_snapshot` VALUES (2122, 4, '2022-03-04', 0, 0, 0, 0);
INSERT INTO `ebook_snapshot` VALUES (2123, 5, '2022-03-04', 0, 0, 0, 0);
INSERT INTO `ebook_snapshot` VALUES (2124, 102661370209767424, '2022-03-04', 0, 0, 0, 0);
INSERT INTO `ebook_snapshot` VALUES (2125, 102772580095758336, '2022-03-04', 0, 0, 0, 0);
INSERT INTO `ebook_snapshot` VALUES (2126, 105552163899576320, '2022-03-04', 0, 0, 0, 0);
INSERT INTO `ebook_snapshot` VALUES (2134, 1, '2022-03-05', 138, 39, 0, 0);
INSERT INTO `ebook_snapshot` VALUES (2135, 2, '2022-03-05', 140, 68, 0, 0);
INSERT INTO `ebook_snapshot` VALUES (2136, 3, '2022-03-05', 0, 0, 0, 0);
INSERT INTO `ebook_snapshot` VALUES (2137, 4, '2022-03-05', 0, 0, 0, 0);
INSERT INTO `ebook_snapshot` VALUES (2138, 5, '2022-03-05', 0, 0, 0, 0);
INSERT INTO `ebook_snapshot` VALUES (2139, 102661370209767424, '2022-03-05', 0, 0, 0, 0);
INSERT INTO `ebook_snapshot` VALUES (2140, 102772580095758336, '2022-03-05', 0, 0, 0, 0);
INSERT INTO `ebook_snapshot` VALUES (2141, 105552163899576320, '2022-03-05', 0, 0, 0, 0);
INSERT INTO `ebook_snapshot` VALUES (2149, 1, '2022-03-06', 138, 39, 0, 0);
INSERT INTO `ebook_snapshot` VALUES (2150, 2, '2022-03-06', 140, 68, 0, 0);
INSERT INTO `ebook_snapshot` VALUES (2151, 3, '2022-03-06', 0, 0, 0, 0);
INSERT INTO `ebook_snapshot` VALUES (2152, 4, '2022-03-06', 0, 0, 0, 0);
INSERT INTO `ebook_snapshot` VALUES (2153, 5, '2022-03-06', 0, 0, 0, 0);
INSERT INTO `ebook_snapshot` VALUES (2154, 102661370209767424, '2022-03-06', 0, 0, 0, 0);
INSERT INTO `ebook_snapshot` VALUES (2155, 102772580095758336, '2022-03-06', 0, 0, 0, 0);
INSERT INTO `ebook_snapshot` VALUES (2156, 105552163899576320, '2022-03-06', 0, 0, 0, 0);
INSERT INTO `ebook_snapshot` VALUES (2164, 1, '2022-03-07', 138, 39, 0, 0);
INSERT INTO `ebook_snapshot` VALUES (2165, 2, '2022-03-07', 140, 68, 0, 0);
INSERT INTO `ebook_snapshot` VALUES (2166, 3, '2022-03-07', 0, 0, 0, 0);
INSERT INTO `ebook_snapshot` VALUES (2167, 4, '2022-03-07', 0, 0, 0, 0);
INSERT INTO `ebook_snapshot` VALUES (2168, 5, '2022-03-07', 0, 0, 0, 0);
INSERT INTO `ebook_snapshot` VALUES (2169, 102661370209767424, '2022-03-07', 0, 0, 0, 0);
INSERT INTO `ebook_snapshot` VALUES (2170, 102772580095758336, '2022-03-07', 0, 0, 0, 0);
INSERT INTO `ebook_snapshot` VALUES (2171, 105552163899576320, '2022-03-07', 0, 0, 0, 0);
INSERT INTO `ebook_snapshot` VALUES (2179, 1, '2022-03-08', 138, 39, 0, 0);
INSERT INTO `ebook_snapshot` VALUES (2180, 2, '2022-03-08', 140, 68, 0, 0);
INSERT INTO `ebook_snapshot` VALUES (2181, 3, '2022-03-08', 0, 0, 0, 0);
INSERT INTO `ebook_snapshot` VALUES (2182, 4, '2022-03-08', 0, 0, 0, 0);
INSERT INTO `ebook_snapshot` VALUES (2183, 5, '2022-03-08', 0, 0, 0, 0);
INSERT INTO `ebook_snapshot` VALUES (2184, 102661370209767424, '2022-03-08', 0, 0, 0, 0);
INSERT INTO `ebook_snapshot` VALUES (2185, 102772580095758336, '2022-03-08', 0, 0, 0, 0);
INSERT INTO `ebook_snapshot` VALUES (2186, 105552163899576320, '2022-03-08', 0, 0, 0, 0);
INSERT INTO `ebook_snapshot` VALUES (2194, 1, '2022-03-09', 138, 39, 0, 0);
INSERT INTO `ebook_snapshot` VALUES (2195, 2, '2022-03-09', 140, 68, 0, 0);
INSERT INTO `ebook_snapshot` VALUES (2196, 3, '2022-03-09', 0, 0, 0, 0);
INSERT INTO `ebook_snapshot` VALUES (2197, 4, '2022-03-09', 0, 0, 0, 0);
INSERT INTO `ebook_snapshot` VALUES (2198, 5, '2022-03-09', 0, 0, 0, 0);
INSERT INTO `ebook_snapshot` VALUES (2199, 102661370209767424, '2022-03-09', 0, 0, 0, 0);
INSERT INTO `ebook_snapshot` VALUES (2200, 102772580095758336, '2022-03-09', 0, 0, 0, 0);
INSERT INTO `ebook_snapshot` VALUES (2201, 105552163899576320, '2022-03-09', 0, 0, 0, 0);
INSERT INTO `ebook_snapshot` VALUES (2209, 1, '2022-03-10', 138, 39, 0, 0);
INSERT INTO `ebook_snapshot` VALUES (2210, 2, '2022-03-10', 140, 68, 0, 0);
INSERT INTO `ebook_snapshot` VALUES (2211, 3, '2022-03-10', 0, 0, 0, 0);
INSERT INTO `ebook_snapshot` VALUES (2212, 4, '2022-03-10', 0, 0, 0, 0);
INSERT INTO `ebook_snapshot` VALUES (2213, 5, '2022-03-10', 0, 0, 0, 0);
INSERT INTO `ebook_snapshot` VALUES (2214, 102661370209767424, '2022-03-10', 0, 0, 0, 0);
INSERT INTO `ebook_snapshot` VALUES (2215, 102772580095758336, '2022-03-10', 0, 0, 0, 0);
INSERT INTO `ebook_snapshot` VALUES (2216, 105552163899576320, '2022-03-10', 0, 0, 0, 0);
INSERT INTO `ebook_snapshot` VALUES (2224, 1, '2022-03-11', 138, 39, 0, 0);
INSERT INTO `ebook_snapshot` VALUES (2225, 2, '2022-03-11', 140, 68, 0, 0);
INSERT INTO `ebook_snapshot` VALUES (2226, 3, '2022-03-11', 0, 0, 0, 0);
INSERT INTO `ebook_snapshot` VALUES (2227, 4, '2022-03-11', 0, 0, 0, 0);
INSERT INTO `ebook_snapshot` VALUES (2228, 5, '2022-03-11', 0, 0, 0, 0);
INSERT INTO `ebook_snapshot` VALUES (2229, 102661370209767424, '2022-03-11', 0, 0, 0, 0);
INSERT INTO `ebook_snapshot` VALUES (2230, 102772580095758336, '2022-03-11', 0, 0, 0, 0);
INSERT INTO `ebook_snapshot` VALUES (2231, 105552163899576320, '2022-03-11', 0, 0, 0, 0);
INSERT INTO `ebook_snapshot` VALUES (2239, 1, '2022-03-12', 138, 39, 0, 0);
INSERT INTO `ebook_snapshot` VALUES (2240, 2, '2022-03-12', 140, 68, 0, 0);
INSERT INTO `ebook_snapshot` VALUES (2241, 3, '2022-03-12', 0, 0, 0, 0);
INSERT INTO `ebook_snapshot` VALUES (2242, 4, '2022-03-12', 0, 0, 0, 0);
INSERT INTO `ebook_snapshot` VALUES (2243, 5, '2022-03-12', 0, 0, 0, 0);
INSERT INTO `ebook_snapshot` VALUES (2244, 102661370209767424, '2022-03-12', 0, 0, 0, 0);
INSERT INTO `ebook_snapshot` VALUES (2245, 102772580095758336, '2022-03-12', 0, 0, 0, 0);
INSERT INTO `ebook_snapshot` VALUES (2246, 105552163899576320, '2022-03-12', 0, 0, 0, 0);
INSERT INTO `ebook_snapshot` VALUES (2254, 1, '2022-03-13', 138, 39, 0, 0);
INSERT INTO `ebook_snapshot` VALUES (2255, 2, '2022-03-13', 140, 68, 0, 0);
INSERT INTO `ebook_snapshot` VALUES (2256, 3, '2022-03-13', 0, 0, 0, 0);
INSERT INTO `ebook_snapshot` VALUES (2257, 4, '2022-03-13', 0, 0, 0, 0);
INSERT INTO `ebook_snapshot` VALUES (2258, 5, '2022-03-13', 0, 0, 0, 0);
INSERT INTO `ebook_snapshot` VALUES (2259, 102661370209767424, '2022-03-13', 0, 0, 0, 0);
INSERT INTO `ebook_snapshot` VALUES (2260, 102772580095758336, '2022-03-13', 0, 0, 0, 0);
INSERT INTO `ebook_snapshot` VALUES (2261, 105552163899576320, '2022-03-13', 0, 0, 0, 0);
INSERT INTO `ebook_snapshot` VALUES (2269, 1, '2022-03-14', 138, 39, 0, 0);
INSERT INTO `ebook_snapshot` VALUES (2270, 2, '2022-03-14', 140, 68, 0, 0);
INSERT INTO `ebook_snapshot` VALUES (2271, 3, '2022-03-14', 0, 0, 0, 0);
INSERT INTO `ebook_snapshot` VALUES (2272, 4, '2022-03-14', 0, 0, 0, 0);
INSERT INTO `ebook_snapshot` VALUES (2273, 5, '2022-03-14', 0, 0, 0, 0);
INSERT INTO `ebook_snapshot` VALUES (2274, 102661370209767424, '2022-03-14', 0, 0, 0, 0);
INSERT INTO `ebook_snapshot` VALUES (2275, 102772580095758336, '2022-03-14', 0, 0, 0, 0);
INSERT INTO `ebook_snapshot` VALUES (2276, 105552163899576320, '2022-03-14', 0, 0, 0, 0);
INSERT INTO `ebook_snapshot` VALUES (2284, 1, '2022-03-15', 138, 39, 0, 0);
INSERT INTO `ebook_snapshot` VALUES (2285, 2, '2022-03-15', 140, 68, 0, 0);
INSERT INTO `ebook_snapshot` VALUES (2286, 3, '2022-03-15', 0, 0, 0, 0);
INSERT INTO `ebook_snapshot` VALUES (2287, 4, '2022-03-15', 0, 0, 0, 0);
INSERT INTO `ebook_snapshot` VALUES (2288, 5, '2022-03-15', 0, 0, 0, 0);
INSERT INTO `ebook_snapshot` VALUES (2289, 102661370209767424, '2022-03-15', 0, 0, 0, 0);
INSERT INTO `ebook_snapshot` VALUES (2290, 102772580095758336, '2022-03-15', 0, 0, 0, 0);
INSERT INTO `ebook_snapshot` VALUES (2291, 105552163899576320, '2022-03-15', 0, 0, 0, 0);
INSERT INTO `ebook_snapshot` VALUES (2299, 1, '2022-03-16', 138, 39, 0, 0);
INSERT INTO `ebook_snapshot` VALUES (2300, 2, '2022-03-16', 140, 68, 0, 0);
INSERT INTO `ebook_snapshot` VALUES (2301, 3, '2022-03-16', 0, 0, 0, 0);
INSERT INTO `ebook_snapshot` VALUES (2302, 4, '2022-03-16', 0, 0, 0, 0);
INSERT INTO `ebook_snapshot` VALUES (2303, 5, '2022-03-16', 0, 0, 0, 0);
INSERT INTO `ebook_snapshot` VALUES (2304, 102661370209767424, '2022-03-16', 0, 0, 0, 0);
INSERT INTO `ebook_snapshot` VALUES (2305, 102772580095758336, '2022-03-16', 0, 0, 0, 0);
INSERT INTO `ebook_snapshot` VALUES (2306, 105552163899576320, '2022-03-16', 0, 0, 0, 0);
INSERT INTO `ebook_snapshot` VALUES (2314, 1, '2022-03-17', 138, 39, 0, 0);
INSERT INTO `ebook_snapshot` VALUES (2315, 2, '2022-03-17', 140, 68, 0, 0);
INSERT INTO `ebook_snapshot` VALUES (2316, 3, '2022-03-17', 0, 0, 0, 0);
INSERT INTO `ebook_snapshot` VALUES (2317, 4, '2022-03-17', 0, 0, 0, 0);
INSERT INTO `ebook_snapshot` VALUES (2318, 5, '2022-03-17', 0, 0, 0, 0);
INSERT INTO `ebook_snapshot` VALUES (2319, 102661370209767424, '2022-03-17', 0, 0, 0, 0);
INSERT INTO `ebook_snapshot` VALUES (2320, 102772580095758336, '2022-03-17', 0, 0, 0, 0);
INSERT INTO `ebook_snapshot` VALUES (2321, 105552163899576320, '2022-03-17', 0, 0, 0, 0);
INSERT INTO `ebook_snapshot` VALUES (2329, 1, '2022-03-18', 138, 39, 0, 0);
INSERT INTO `ebook_snapshot` VALUES (2330, 2, '2022-03-18', 140, 68, 0, 0);
INSERT INTO `ebook_snapshot` VALUES (2331, 3, '2022-03-18', 0, 0, 0, 0);
INSERT INTO `ebook_snapshot` VALUES (2332, 4, '2022-03-18', 0, 0, 0, 0);
INSERT INTO `ebook_snapshot` VALUES (2333, 5, '2022-03-18', 0, 0, 0, 0);
INSERT INTO `ebook_snapshot` VALUES (2334, 102661370209767424, '2022-03-18', 0, 0, 0, 0);
INSERT INTO `ebook_snapshot` VALUES (2335, 102772580095758336, '2022-03-18', 0, 0, 0, 0);
INSERT INTO `ebook_snapshot` VALUES (2336, 105552163899576320, '2022-03-18', 0, 0, 0, 0);
INSERT INTO `ebook_snapshot` VALUES (2344, 1, '2022-03-19', 138, 39, 0, 0);
INSERT INTO `ebook_snapshot` VALUES (2345, 2, '2022-03-19', 140, 68, 0, 0);
INSERT INTO `ebook_snapshot` VALUES (2346, 3, '2022-03-19', 0, 0, 0, 0);
INSERT INTO `ebook_snapshot` VALUES (2347, 4, '2022-03-19', 0, 0, 0, 0);
INSERT INTO `ebook_snapshot` VALUES (2348, 5, '2022-03-19', 0, 0, 0, 0);
INSERT INTO `ebook_snapshot` VALUES (2349, 102661370209767424, '2022-03-19', 0, 0, 0, 0);
INSERT INTO `ebook_snapshot` VALUES (2350, 102772580095758336, '2022-03-19', 0, 0, 0, 0);
INSERT INTO `ebook_snapshot` VALUES (2351, 105552163899576320, '2022-03-19', 0, 0, 0, 0);
INSERT INTO `ebook_snapshot` VALUES (2359, 1, '2022-03-20', 138, 39, 0, 0);
INSERT INTO `ebook_snapshot` VALUES (2360, 2, '2022-03-20', 140, 68, 0, 0);
INSERT INTO `ebook_snapshot` VALUES (2361, 3, '2022-03-20', 0, 0, 0, 0);
INSERT INTO `ebook_snapshot` VALUES (2362, 4, '2022-03-20', 0, 0, 0, 0);
INSERT INTO `ebook_snapshot` VALUES (2363, 5, '2022-03-20', 0, 0, 0, 0);
INSERT INTO `ebook_snapshot` VALUES (2364, 102661370209767424, '2022-03-20', 0, 0, 0, 0);
INSERT INTO `ebook_snapshot` VALUES (2365, 102772580095758336, '2022-03-20', 0, 0, 0, 0);
INSERT INTO `ebook_snapshot` VALUES (2366, 105552163899576320, '2022-03-20', 0, 0, 0, 0);
INSERT INTO `ebook_snapshot` VALUES (2374, 1, '2022-03-21', 138, 39, 0, 0);
INSERT INTO `ebook_snapshot` VALUES (2375, 2, '2022-03-21', 140, 68, 0, 0);
INSERT INTO `ebook_snapshot` VALUES (2376, 3, '2022-03-21', 0, 0, 0, 0);
INSERT INTO `ebook_snapshot` VALUES (2377, 4, '2022-03-21', 0, 0, 0, 0);
INSERT INTO `ebook_snapshot` VALUES (2378, 5, '2022-03-21', 0, 0, 0, 0);
INSERT INTO `ebook_snapshot` VALUES (2379, 102661370209767424, '2022-03-21', 0, 0, 0, 0);
INSERT INTO `ebook_snapshot` VALUES (2380, 102772580095758336, '2022-03-21', 0, 0, 0, 0);
INSERT INTO `ebook_snapshot` VALUES (2381, 105552163899576320, '2022-03-21', 0, 0, 0, 0);
INSERT INTO `ebook_snapshot` VALUES (2389, 1, '2022-03-22', 138, 39, 0, 0);
INSERT INTO `ebook_snapshot` VALUES (2390, 2, '2022-03-22', 140, 68, 0, 0);
INSERT INTO `ebook_snapshot` VALUES (2391, 3, '2022-03-22', 0, 0, 0, 0);
INSERT INTO `ebook_snapshot` VALUES (2392, 4, '2022-03-22', 0, 0, 0, 0);
INSERT INTO `ebook_snapshot` VALUES (2393, 5, '2022-03-22', 0, 0, 0, 0);
INSERT INTO `ebook_snapshot` VALUES (2394, 102661370209767424, '2022-03-22', 0, 0, 0, 0);
INSERT INTO `ebook_snapshot` VALUES (2395, 102772580095758336, '2022-03-22', 0, 0, 0, 0);
INSERT INTO `ebook_snapshot` VALUES (2396, 105552163899576320, '2022-03-22', 0, 0, 0, 0);
INSERT INTO `ebook_snapshot` VALUES (2404, 1, '2022-03-23', 138, 39, 0, 0);
INSERT INTO `ebook_snapshot` VALUES (2405, 2, '2022-03-23', 140, 68, 0, 0);
INSERT INTO `ebook_snapshot` VALUES (2406, 3, '2022-03-23', 0, 0, 0, 0);
INSERT INTO `ebook_snapshot` VALUES (2407, 4, '2022-03-23', 0, 0, 0, 0);
INSERT INTO `ebook_snapshot` VALUES (2408, 5, '2022-03-23', 0, 0, 0, 0);
INSERT INTO `ebook_snapshot` VALUES (2409, 102661370209767424, '2022-03-23', 0, 0, 0, 0);
INSERT INTO `ebook_snapshot` VALUES (2410, 102772580095758336, '2022-03-23', 0, 0, 0, 0);
INSERT INTO `ebook_snapshot` VALUES (2411, 105552163899576320, '2022-03-23', 0, 0, 0, 0);
INSERT INTO `ebook_snapshot` VALUES (2419, 1, '2022-03-24', 138, 39, 0, 0);
INSERT INTO `ebook_snapshot` VALUES (2420, 2, '2022-03-24', 140, 68, 0, 0);
INSERT INTO `ebook_snapshot` VALUES (2421, 3, '2022-03-24', 0, 0, 0, 0);
INSERT INTO `ebook_snapshot` VALUES (2422, 4, '2022-03-24', 0, 0, 0, 0);
INSERT INTO `ebook_snapshot` VALUES (2423, 5, '2022-03-24', 0, 0, 0, 0);
INSERT INTO `ebook_snapshot` VALUES (2424, 102661370209767424, '2022-03-24', 0, 0, 0, 0);
INSERT INTO `ebook_snapshot` VALUES (2425, 102772580095758336, '2022-03-24', 0, 0, 0, 0);
INSERT INTO `ebook_snapshot` VALUES (2426, 105552163899576320, '2022-03-24', 0, 0, 0, 0);
INSERT INTO `ebook_snapshot` VALUES (2434, 1, '2022-03-25', 138, 39, 0, 0);
INSERT INTO `ebook_snapshot` VALUES (2435, 2, '2022-03-25', 140, 68, 0, 0);
INSERT INTO `ebook_snapshot` VALUES (2436, 3, '2022-03-25', 0, 0, 0, 0);
INSERT INTO `ebook_snapshot` VALUES (2437, 4, '2022-03-25', 0, 0, 0, 0);
INSERT INTO `ebook_snapshot` VALUES (2438, 5, '2022-03-25', 0, 0, 0, 0);
INSERT INTO `ebook_snapshot` VALUES (2439, 102661370209767424, '2022-03-25', 0, 0, 0, 0);
INSERT INTO `ebook_snapshot` VALUES (2440, 102772580095758336, '2022-03-25', 0, 0, 0, 0);
INSERT INTO `ebook_snapshot` VALUES (2441, 105552163899576320, '2022-03-25', 0, 0, 0, 0);
INSERT INTO `ebook_snapshot` VALUES (2449, 1, '2022-03-26', 139, 39, 1, 0);
INSERT INTO `ebook_snapshot` VALUES (2450, 2, '2022-03-26', 152, 72, 12, 4);
INSERT INTO `ebook_snapshot` VALUES (2451, 3, '2022-03-26', 0, 0, 0, 0);
INSERT INTO `ebook_snapshot` VALUES (2452, 4, '2022-03-26', 0, 0, 0, 0);
INSERT INTO `ebook_snapshot` VALUES (2453, 5, '2022-03-26', 0, 0, 0, 0);
INSERT INTO `ebook_snapshot` VALUES (2454, 102661370209767424, '2022-03-26', 0, 0, 0, 0);
INSERT INTO `ebook_snapshot` VALUES (2455, 102772580095758336, '2022-03-26', 0, 0, 0, 0);
INSERT INTO `ebook_snapshot` VALUES (2456, 105552163899576320, '2022-03-26', 0, 0, 0, 0);
INSERT INTO `ebook_snapshot` VALUES (2470, 1, '2022-03-27', 140, 40, 1, 1);
INSERT INTO `ebook_snapshot` VALUES (2471, 2, '2022-03-27', 172, 78, 20, 6);
INSERT INTO `ebook_snapshot` VALUES (2472, 3, '2022-03-27', 0, 0, 0, 0);
INSERT INTO `ebook_snapshot` VALUES (2473, 4, '2022-03-27', 0, 0, 0, 0);
INSERT INTO `ebook_snapshot` VALUES (2474, 5, '2022-03-27', 0, 0, 0, 0);
INSERT INTO `ebook_snapshot` VALUES (2475, 102661370209767424, '2022-03-27', 0, 0, 0, 0);
INSERT INTO `ebook_snapshot` VALUES (2476, 102772580095758336, '2022-03-27', 0, 0, 0, 0);
INSERT INTO `ebook_snapshot` VALUES (2477, 105552163899576320, '2022-03-27', 0, 0, 0, 0);
INSERT INTO `ebook_snapshot` VALUES (2488, 1, '2022-03-28', 140, 40, 0, 0);
INSERT INTO `ebook_snapshot` VALUES (2489, 2, '2022-03-28', 172, 78, 0, 0);
INSERT INTO `ebook_snapshot` VALUES (2490, 3, '2022-03-28', 0, 0, 0, 0);
INSERT INTO `ebook_snapshot` VALUES (2491, 4, '2022-03-28', 0, 0, 0, 0);
INSERT INTO `ebook_snapshot` VALUES (2492, 5, '2022-03-28', 0, 0, 0, 0);
INSERT INTO `ebook_snapshot` VALUES (2493, 102661370209767424, '2022-03-28', 0, 0, 0, 0);
INSERT INTO `ebook_snapshot` VALUES (2494, 102772580095758336, '2022-03-28', 0, 0, 0, 0);
INSERT INTO `ebook_snapshot` VALUES (2495, 105552163899576320, '2022-03-28', 0, 0, 0, 0);

-- ----------------------------
-- Table structure for test
-- ----------------------------
DROP TABLE IF EXISTS `test`;
CREATE TABLE `test`  (
  `id` bigint(20) NOT NULL COMMENT 'id',
  `name` varchar(50) CHARACTER SET utf8mb4 COLLATE utf8mb4_general_ci NULL DEFAULT NULL COMMENT '名称',
  `password` varchar(50) CHARACTER SET utf8mb4 COLLATE utf8mb4_general_ci NULL DEFAULT NULL COMMENT '密码',
  PRIMARY KEY (`id`) USING BTREE
) ENGINE = InnoDB CHARACTER SET = utf8mb4 COLLATE = utf8mb4_general_ci COMMENT = '测试' ROW_FORMAT = Dynamic;

-- ----------------------------
-- Records of test
-- ----------------------------
INSERT INTO `test` VALUES (1, '测试', 'password');

-- ----------------------------
-- Table structure for user
-- ----------------------------
DROP TABLE IF EXISTS `user`;
CREATE TABLE `user`  (
  `id` bigint(20) NOT NULL COMMENT 'ID',
  `login_name` varchar(50) CHARACTER SET utf8mb4 COLLATE utf8mb4_general_ci NOT NULL COMMENT '登陆名',
  `name` varchar(50) CHARACTER SET utf8mb4 COLLATE utf8mb4_general_ci NULL DEFAULT NULL COMMENT '昵称',
  `password` char(32) CHARACTER SET utf8mb4 COLLATE utf8mb4_general_ci NOT NULL COMMENT '密码',
  PRIMARY KEY (`id`) USING BTREE,
  UNIQUE INDEX `login_name_unique`(`login_name`) USING BTREE
) ENGINE = InnoDB CHARACTER SET = utf8mb4 COLLATE = utf8mb4_general_ci COMMENT = '用户' ROW_FORMAT = Dynamic;

-- ----------------------------
-- Records of user
-- ----------------------------
INSERT INTO `user` VALUES (1, 'test', '测试用户', 'e70e2222a9d67c4f2eae107533359aa4');
INSERT INTO `user` VALUES (102669832469745664, 'test1', 'test1', 'e70e2222a9d67c4f2eae107533359aa4');
INSERT INTO `user` VALUES (162920025584439296, 'Springcloud改造测试用户', 'test2', 'e70e2222a9d67c4f2eae107533359aa4');

SET FOREIGN_KEY_CHECKS = 1;
